Title,glide gscore,RMSD
decoy,-12.256,7.249
decoy,-12.212,8.916
CHEMBL4740029,-11.865,7.788
decoy,-11.865,7.285
MBX3135_5ENR,-11.703,7.078
decoy,-11.56,8.121
decoy,-11.4,7.813
decoy,-11.326,7.576
decoy,-11.338,8.323
MBX3132,-11.249,7.586
decoy,-11.225,8.533
decoy,-11.159,7.127
decoy,-11.057,7.29
decoy,-11.056,8.72
decoy,-10.969,8.228
decoy,-11.316,8.659
decoy,-11.217,8.479
decoy,-11.045,7.479
decoy,-10.912,9.501
decoy,-10.907,8.787
decoy,-10.904,9.078
decoy,-10.897,8.41
decoy,-10.856,7.163
decoy,-11.542,8.399
MBX3135,-10.94,6.688
decoy,-10.787,8.215
decoy,-10.754,8.822
decoy,-12.08,8.385
CHEMBL4746860,-10.746,7.628
decoy,-10.746,6.727
decoy,-10.728,9.779
decoy,-10.748,9.443
decoy,-10.921,6.908
decoy,-10.671,7.509
decoy,-10.67,7.877
decoy,-10.661,8.13
decoy,-10.682,8.121
decoy,-11.324,7.069
CHEMBL4745847,-10.648,8.146
decoy,-10.648,6.691
decoy,-10.63,7.657
CHEMBL4754723,-10.619,5.929
decoy,-10.619,6.343
decoy,-10.611,8.31
decoy,-10.868,7.128
decoy,-10.597,7.428
decoy,-10.61,6.964
decoy,-10.593,7.607
decoy,-10.793,6.402
decoy,-11.549,8.367
decoy,-10.574,8.168
decoy,-10.571,8.065
decoy,-10.553,9.772
decoy,-11.711,8.766
decoy,-10.528,7.81
decoy,-10.514,7.46
decoy,-10.561,6.729
CHEMBL4752560,-10.509,7.09
decoy,-10.502,7.222
decoy,-10.491,7.13
decoy,-10.516,7.309
decoy,-10.486,7.013
decoy,-10.479,9.155
decoy,-10.686,6.027
decoy,-10.602,8.787
decoy,-10.508,9.152
decoy,-10.458,7.818
decoy,-10.454,10.058
decoy,-10.456,8.105
decoy,-10.451,7.57
decoy,-10.451,9.293
decoy,-10.443,7.598
decoy,-10.441,7.021
decoy,-10.437,7.853
decoy,-10.434,7.18
decoy,-10.407,8.797
decoy,-10.422,8.074
decoy,-10.458,8.438
decoy,-10.38,8.215
decoy,-10.648,7.759
CHEMBL4751565,-10.375,7.017
decoy,-10.374,8.69
decoy,-10.406,8.054
decoy,-10.368,7.638
CHEMBL4787586,-10.364,9.08
decoy,-10.364,8.422
decoy,-10.354,6.421
decoy,-10.346,7.438
decoy,-10.34,8.317
decoy,-10.331,7.926
decoy,-10.547,8.817
decoy,-11.626,7.204
decoy,-10.324,7.634
decoy,-10.323,7.23
CHEMBL4739934,-10.301,6.484
decoy,-10.298,9.989
decoy,-10.297,8.157
decoy,-10.291,7.15
decoy,-10.291,7.62
decoy,-10.281,6.723
decoy,-10.28,7.945
decoy,-10.267,9.243
decoy,-10.258,8.599
CHEMBL4752573,-10.256,6.949
decoy,-10.426,8.554
decoy,-10.347,8.244
decoy,-10.66,7.874
decoy,-10.245,9.824
decoy,-11.721,8.274
decoy,-10.224,7.98
decoy,-10.223,6.665
decoy,-10.223,7.525
decoy,-10.221,9.558
decoy,-10.216,8.686
decoy,-10.216,7.472
decoy,-10.207,8.352
decoy,-10.197,7.485
decoy,-10.601,7.351
decoy,-11.462,8.842
decoy,-10.191,7.734
decoy,-10.173,8.767
decoy,-10.533,7.535
decoy,-10.157,8.4
decoy,-10.235,8.352
decoy,-10.151,8.29
decoy,-10.147,9.191
decoy,-10.147,7.944
CHEMBL4752288,-10.144,7.092
decoy,-10.143,7.138
decoy,-10.139,8.777
decoy,-10.136,7.123
decoy,-10.135,8.354
decoy,-10.133,7.996
decoy,-10.133,7.601
decoy,-10.125,8.222
decoy,-10.116,6.628
decoy,-10.196,9.201
decoy,-10.145,7.349
decoy,-10.104,6.421
decoy,-10.098,7.786
decoy,-10.094,7.642
decoy,-10.09,7.603
decoy,-10.084,8.642
decoy,-10.189,7.421
decoy,-11.38,8.898
decoy,-10.069,8.492
decoy,-10.064,9.336
decoy,-10.059,7.384
decoy,-10.059,7.476
decoy,-10.059,9.142
decoy,-10.425,9.343
decoy,-10.053,7.218
decoy,-10.054,7.694
decoy,-10.05,8.082
decoy,-10.043,7.917
decoy,-10.036,9.174
decoy,-10.274,7.802
decoy,-10.021,8.419
decoy,-10.019,8.555
decoy,-10.36,8.139
decoy,-10.021,8.687
decoy,-10.463,8.218
CHEMBL4743452,-10.013,6.242
decoy,-10.011,6.986
decoy,-10.073,8.084
CHEMBL4749653,-9.998,7.199
decoy,-9.998,7.093
CHEMBL4744180,-9.997,7.393
decoy,-9.997,7.411
decoy,-9.998,7.766
decoy,-10.091,8.668
decoy,-9.984,7.31
decoy,-10.39,7.358
decoy,-10.375,7.451
decoy,-9.976,9.182
decoy,-9.962,6.979
decoy,-9.977,6.939
decoy,-9.956,7.894
decoy,-9.952,6.746
decoy,-9.951,6.938
decoy,-9.951,6.938
decoy,-9.948,8.61
decoy,-9.944,7.213
decoy,-9.943,8.395
decoy,-9.935,10.281
decoy,-9.98,8.326
decoy,-9.923,10.748
decoy,-10.413,7.389
decoy,-9.918,8.526
decoy,-9.918,6.662
decoy,-9.911,9.247
decoy,-9.905,7.458
decoy,-9.902,6.997
decoy,-9.9,8.307
decoy,-9.899,8.518
decoy,-9.896,6.257
decoy,-9.891,7.512
decoy,-9.889,7.425
decoy,-9.89,8.387
decoy,-9.87,6.841
MBX3135,-10.841,6.617
CHEMBL4780061,-9.866,7.458
decoy,-9.866,7.603
decoy,-10.057,6.499
decoy,-9.864,7.968
decoy,-9.851,8.26
decoy,-9.845,9.187
decoy,-9.842,6.725
decoy,-9.842,6.544
decoy,-10.248,9.67
decoy,-9.832,8.419
CHEMBL4749228,-9.829,7.23
decoy,-9.829,7.132
decoy,-9.826,8.834
decoy,-9.821,8.709
decoy,-9.816,8.097
decoy,-9.814,9.054
decoy,-9.839,8.72
decoy,-9.81,8.178
decoy,-12.491,7.05
decoy,-9.804,8.308
decoy,-9.83,6.549
decoy,-9.799,7.302
decoy,-9.799,7.655
decoy,-9.786,6.836
decoy,-10.571,6.664
decoy,-9.778,7.384
decoy,-10.185,7.427
decoy,-9.774,7.842
decoy,-9.785,7.901
decoy,-9.77,6.909
decoy,-9.765,7.384
decoy,-9.765,7.569
decoy,-9.763,7.651
decoy,-9.763,9.48
decoy,-9.759,7.557
decoy,-9.755,6.109
decoy,-9.754,6.223
decoy,-9.745,9.207
decoy,-10.023,7.972
decoy,-10.154,7.348
decoy,-9.741,7.341
decoy,-9.74,8.313
decoy,-9.742,6.852
decoy,-9.733,8.323
decoy,-9.733,7.698
CHEMBL4464070,-9.733,7.513
CHEMBL4747765,-9.733,7.513
decoy,-9.733,7.813
decoy,-9.731,8.397
decoy,-9.728,7.117
decoy,-10.792,7.892
decoy,-9.722,8.987
decoy,-9.719,5.91
decoy,-9.835,7.01
decoy,-9.718,7.633
decoy,-9.72,7.832
decoy,-9.712,7.95
decoy,-9.705,8.516
decoy,-9.704,9.803
decoy,-9.7,5.464
decoy,-10.362,9.496
decoy,-9.693,6.867
decoy,-9.693,7.074
decoy,-9.719,8.267
decoy,-9.946,6.359
decoy,-9.68,7.218
decoy,-9.688,8.118
decoy,-9.67,7.547
decoy,-9.697,6.593
decoy,-9.669,6.943
decoy,-9.66,7.836
decoy,-9.652,8.148
decoy,-9.652,8.36
decoy,-9.649,7.566
decoy,-9.653,7.126
decoy,-9.648,8.607
decoy,-9.646,6.415
decoy,-9.646,8.875
decoy,-10.604,8.127
decoy,-9.643,8.282
decoy,-9.637,6.699
decoy,-9.636,7.767
decoy,-10.327,7.669
decoy,-10.244,6.654
decoy,-9.633,8.038
decoy,-9.768,8.155
decoy,-9.627,8.213
decoy,-9.624,6.226
decoy,-9.64,6.803
decoy,-9.616,7.36
decoy,-9.615,7.608
decoy,-9.713,8.373
decoy,-9.609,6.811
decoy,-9.729,7.508
decoy,-9.607,6.156
decoy,-9.604,8.758
decoy,-9.604,6.676
decoy,-9.603,6.876
decoy,-9.592,8.54
decoy,-9.589,7.807
CHEMBL4435985,-9.587,7.771
decoy,-9.587,8.027
decoy,-9.584,7.429
decoy,-9.579,7.255
decoy,-9.599,7.817
decoy,-10.581,9.248
decoy,-9.874,7.551
decoy,-9.573,8.457
decoy,-9.571,5.478
decoy,-9.604,7.616
decoy,-9.615,7.792
decoy,-9.569,8.797
decoy,-9.569,7.346
decoy,-9.566,6.677
decoy,-9.56,7.479
decoy,-9.567,7.155
decoy,-9.554,7.453
decoy,-9.551,6.586
decoy,-9.541,7.867
decoy,-9.536,7.395
decoy,-9.566,7.505
decoy,-9.534,8.148
decoy,-9.53,7.611
decoy,-9.545,7.796
decoy,-9.519,7.273
decoy,-9.517,7.498
decoy,-9.513,8.137
decoy,-9.509,7.525
decoy,-9.508,7.113
decoy,-9.503,8.442
decoy,-9.511,8.035
decoy,-9.499,7.942
decoy,-9.503,6.523
CHEMBL4796256,-9.497,8.983
decoy,-9.497,8.393
decoy,-9.494,7.068
CHEMBL4755756,-9.494,7.736
decoy,-9.489,7.973
decoy,-10.918,9.506
decoy,-9.488,7.416
decoy,-9.486,8.18
decoy,-9.48,7.319
decoy,-9.48,7.383
decoy,-11.275,8.635
decoy,-9.483,8.329
decoy,-9.475,8.279
decoy,-10.042,6.43
decoy,-9.471,7.382
decoy,-9.47,8.609
decoy,-9.469,7.813
decoy,-9.469,6.993
decoy,-9.878,7.145
decoy,-11.299,8.644
decoy,-9.464,7.043
decoy,-9.465,8.207
decoy,-9.461,7.335
decoy,-9.459,8.143
decoy,-9.456,6.851
decoy,-9.454,5.698
decoy,-9.45,7.877
decoy,-9.449,7.382
decoy,-9.447,5.928
decoy,-9.445,7.86
decoy,-10.505,7.417
decoy,-9.449,7.431
decoy,-9.442,7.17
decoy,-9.509,7.57
decoy,-9.438,7.459
decoy,-9.437,7.757
decoy,-9.435,7.954
decoy,-9.456,8.672
decoy,-9.433,6.527
decoy,-9.433,8.442
decoy,-9.429,7.388
decoy,-9.451,6.474
decoy,-10.49,7.564
decoy,-9.424,7.626
decoy,-9.421,5.917
decoy,-9.42,8.137
decoy,-9.421,6.527
decoy,-10.056,7.6
decoy,-9.418,7.255
decoy,-9.415,7.122
decoy,-9.45,7.394
decoy,-9.51,7.471
decoy,-10.283,7.83
decoy,-9.401,7.318
decoy,-9.409,8.038
decoy,-11.229,8.111
decoy,-9.394,7.992
decoy,-9.392,6.252
decoy,-9.388,6.923
decoy,-9.386,8.852
decoy,-9.384,7.665
decoy,-9.383,4.894
decoy,-9.379,8.027
decoy,-11.278,8.449
decoy,-9.374,6.766
decoy,-9.372,9.224
decoy,-9.369,7.451
decoy,-10.076,7.881
decoy,-9.368,8.368
decoy,-9.365,8.446
decoy,-9.369,7.9
decoy,-9.362,8.222
decoy,-9.359,7.025
decoy,-9.485,8.788
decoy,-9.358,6.57
decoy,-9.358,9.194
decoy,-9.357,9.284
decoy,-9.356,6.716
decoy,-10.662,8.162
decoy,-10.193,7.914
decoy,-9.349,8.404
decoy,-9.349,8.308
decoy,-9.349,7.778
decoy,-9.348,7.366
decoy,-9.636,8.296
decoy,-9.355,7.47
decoy,-9.377,7.314
decoy,-9.342,7.548
decoy,-9.341,6.407
decoy,-9.478,7.428
decoy,-9.334,6.804
decoy,-9.331,8.837
decoy,-10.105,9.137
decoy,-9.874,8.839
decoy,-9.325,7.566
decoy,-9.326,7.724
decoy,-9.33,6.516
decoy,-9.315,7.84
decoy,-9.314,7.399
decoy,-9.313,7.103
decoy,-10.469,8.321
decoy,-9.307,8.166
decoy,-9.306,7.051
decoy,-9.306,8.759
decoy,-9.305,6.33
decoy,-9.298,6.893
decoy,-9.298,7.644
decoy,-9.298,7.636
decoy,-10.998,6.555
CHEMBL4749928,-9.296,8.554
decoy,-9.294,6.404
decoy,-9.312,6.855
decoy,-9.299,6.625
decoy,-9.286,8.096
decoy,-9.288,6.475
decoy,-9.285,6.925
decoy,-9.294,9.742
decoy,-9.695,7.365
decoy,-9.342,7.686
decoy,-11.133,8.627
decoy,-9.396,7.997
decoy,-9.277,7.04
decoy,-9.275,8.236
decoy,-9.686,8.954
decoy,-9.455,7.439
decoy,-9.269,8.041
decoy,-9.268,7.614
decoy,-9.273,8.196
decoy,-9.267,6.633
decoy,-9.258,8.616
decoy,-9.258,5.451
decoy,-9.256,9.241
CHEMBL4528570,-9.253,7.631
decoy,-9.253,7.824
decoy,-9.253,7.289
decoy,-9.252,8.841
decoy,-9.248,8.859
decoy,-9.248,8.229
decoy,-9.271,6.646
decoy,-9.251,6.475
decoy,-9.273,7.967
decoy,-9.46,7.217
decoy,-9.315,6.823
decoy,-9.242,8.68
decoy,-9.242,7.155
decoy,-9.243,6.516
decoy,-9.241,6.68
decoy,-9.973,6.434
decoy,-9.235,9.129
decoy,-9.234,6.916
decoy,-9.233,7.103
decoy,-9.235,5.644
decoy,-9.303,7.3
decoy,-9.245,8.371
decoy,-10.342,8.598
decoy,-9.222,8.436
decoy,-9.221,7.258
decoy,-9.222,8.055
decoy,-9.218,6.804
decoy,-9.692,8.997
decoy,-11.07,6.111
decoy,-9.323,6.838
decoy,-9.215,6.905
decoy,-9.214,8.069
decoy,-9.213,9.11
decoy,-9.213,7.808
decoy,-9.213,8.597
decoy,-9.213,7.941
decoy,-9.32,8.649
decoy,-9.21,7.272
decoy,-9.209,8.68
decoy,-9.207,10.042
decoy,-9.593,5.907
decoy,-9.204,8.287
decoy,-9.223,7.557
decoy,-9.2,7.811
decoy,-9.201,7.651
decoy,-9.199,8.537
decoy,-9.198,7.239
decoy,-9.197,7.015
decoy,-9.654,6.429
decoy,-9.195,7.836
decoy,-9.753,9.161
decoy,-9.19,10.408
decoy,-10.691,8.554
decoy,-9.188,8.074
decoy,-9.185,7.515
decoy,-9.183,7.249
decoy,-9.182,6.254
decoy,-9.182,6.816
decoy,-9.521,7.554
decoy,-9.18,7.844
decoy,-9.179,7.542
decoy,-9.655,7.551
decoy,-9.178,6.931
decoy,-9.175,8.567
decoy,-9.201,6.895
decoy,-9.173,7.432
decoy,-9.814,7.264
decoy,-9.352,7.317
decoy,-9.169,5.626
decoy,-9.39,7.365
decoy,-9.168,7.993
decoy,-10.153,7.57
decoy,-9.167,7.49
decoy,-9.165,7.946
decoy,-9.165,6.51
decoy,-9.164,8.15
decoy,-9.21,6.758
decoy,-9.159,8.719
decoy,-9.184,6.735
decoy,-9.157,8.039
decoy,-10.188,8.989
decoy,-9.17,6.605
decoy,-9.309,6.764
decoy,-9.152,6.847
decoy,-9.152,7.477
decoy,-9.151,9.354
decoy,-10.401,9.313
decoy,-9.15,6.7
decoy,-9.147,8.103
decoy,-9.147,8.118
decoy,-9.147,8.617
decoy,-9.146,7.069
decoy,-9.145,6.818
decoy,-9.143,8.058
decoy,-9.143,6.725
decoy,-9.143,6.808
decoy,-9.141,8.171
decoy,-9.139,7.715
decoy,-9.136,7.743
decoy,-9.158,9.352
decoy,-9.723,6.951
decoy,-9.132,6.902
decoy,-9.132,5.826
decoy,-9.401,9.175
decoy,-9.126,7.593
decoy,-9.123,6.962
decoy,-9.123,8.111
decoy,-11.693,8.138
decoy,-9.118,8.933
decoy,-9.12,8.302
decoy,-9.115,7.757
decoy,-9.127,6.627
decoy,-11.741,7.951
decoy,-9.112,6.468
decoy,-9.111,6.412
decoy,-9.11,8.735
decoy,-9.109,7.52
decoy,-9.573,7.551
decoy,-9.104,8.636
decoy,-9.402,7.292
decoy,-9.103,9.228
decoy,-9.101,8.2
decoy,-9.101,6.019
decoy,-9.101,8.727
decoy,-9.199,6.942
decoy,-9.096,5.168
decoy,-9.162,7.746
decoy,-9.095,8.254
decoy,-9.092,8.805
decoy,-9.364,8.891
decoy,-9.147,7.946
decoy,-9.086,6.173
decoy,-9.085,7.889
decoy,-9.116,7.427
decoy,-9.08,7.983
decoy,-11.103,6.759
decoy,-9.628,7.261
decoy,-9.076,7.818
decoy,-9.075,7.702
decoy,-9.072,6.107
decoy,-9.086,7.729
decoy,-9.071,6.087
decoy,-9.07,7.202
decoy,-9.067,6.964
decoy,-9.188,5.268
decoy,-9.063,6.454
decoy,-9.06,6.322
decoy,-9.06,6.53
CHEMBL4448763,-9.055,8.204
decoy,-9.055,8.47
decoy,-9.116,6.27
decoy,-9.054,8.429
decoy,-9.051,7.629
decoy,-9.058,6.974
decoy,-9.047,7.425
decoy,-9.046,7.269
decoy,-9.044,6.26
decoy,-9.042,5.929
CHEMBL4516452,-9.04,6.654
CHEMBL4516452,-9.04,6.654
decoy,-9.04,7.161
decoy,-9.04,7.161
decoy,-9.204,6.166
decoy,-9.033,7.656
decoy,-9.032,6.817
decoy,-9.03,7.484
decoy,-9.028,7.283
decoy,-9.027,6.569
decoy,-9.034,6.761
decoy,-9.034,7.772
decoy,-9.025,8.168
decoy,-9.024,7.836
decoy,-9.056,8.527
decoy,-10.073,7.549
decoy,-9.428,7.363
decoy,-9.017,6.339
decoy,-9.119,5.658
decoy,-9.016,6.244
decoy,-9.04,7.611
decoy,-9.014,7.539
decoy,-9.01,6.183
decoy,-9.008,8.296
decoy,-9.021,8.012
decoy,-9.344,6.939
decoy,-9.004,8.016
decoy,-9.703,6.835
decoy,-9.001,6.955
decoy,-8.999,5.869
decoy,-10.087,7.283
decoy,-8.994,6.251
decoy,-9.001,6.144
decoy,-9.275,6.261
decoy,-8.991,7.877
decoy,-8.986,8.482
decoy,-8.984,6.214
decoy,-8.982,7.709
decoy,-10.782,8.323
decoy,-8.98,4.75
decoy,-8.978,5.745
decoy,-8.978,7.297
decoy,-8.975,6.108
decoy,-8.974,8.549
decoy,-9.524,9.151
CHEMBL4582016,-8.973,6.926
CHEMBL4476569,-8.973,6.926
CHEMBL4476569,-8.973,6.926
decoy,-8.973,6.751
decoy,-8.973,6.751
decoy,-8.988,7.698
decoy,-11,7.088
decoy,-8.975,7.145
decoy,-8.967,7.29
decoy,-8.966,7.986
decoy,-8.966,7.879
decoy,-8.99,6.9
decoy,-9.922,8.815
decoy,-8.964,9.86
decoy,-9.01,7.164
decoy,-8.958,7.719
decoy,-8.957,6.68
decoy,-8.953,7.438
decoy,-8.953,7.852
decoy,-8.947,7.427
decoy,-8.945,7.123
decoy,-8.944,7.351
decoy,-8.944,9.288
decoy,-9.008,5.906
decoy,-8.942,8.93
decoy,-8.941,8.413
decoy,-8.941,7.878
decoy,-8.951,6.954
decoy,-8.935,6.528
decoy,-8.933,7.562
CHEMBL4741889,-8.932,9.152
decoy,-8.931,5.617
decoy,-8.931,6.602
decoy,-8.93,5.939
decoy,-8.93,8.275
decoy,-8.929,6.39
decoy,-9.34,8.166
decoy,-8.928,7.897
decoy,-9.052,6.53
decoy,-8.958,6.831
decoy,-8.927,6.07
decoy,-9.737,8.373
CHEMBL4593858,-8.925,5.87
CHEMBL4593858,-8.925,5.87
decoy,-8.953,7.157
CHEMBL4472204,-8.922,8.258
decoy,-8.922,8.146
decoy,-9.047,7.322
decoy,-8.916,7.296
decoy,-8.916,8.062
decoy,-8.915,7.224
decoy,-8.913,7.917
decoy,-8.911,8.86
decoy,-8.91,8.31
decoy,-8.909,7.583
decoy,-8.908,6.17
decoy,-11.118,8.854
decoy,-8.905,6.28
decoy,-11.408,8.769
decoy,-8.905,7.471
decoy,-8.904,6.015
decoy,-8.904,6.462
decoy,-8.903,6.172
decoy,-8.9,7.164
decoy,-8.9,8.454
decoy,-9.825,7.911
decoy,-8.895,10.288
decoy,-8.894,6.841
decoy,-8.944,6.421
decoy,-8.892,7.494
decoy,-8.892,8.194
decoy,-8.891,7.964
decoy,-8.89,8.043
decoy,-9.586,5.137
decoy,-8.888,8.803
decoy,-8.887,7.738
decoy,-9.296,10.08
decoy,-8.886,7.586
decoy,-8.883,7.995
decoy,-8.883,7.087
decoy,-8.882,7.193
decoy,-8.875,7.621
decoy,-8.875,8.605
decoy,-11.016,7.141
decoy,-8.875,10.158
decoy,-8.933,7.031
decoy,-8.89,7.752
decoy,-8.868,6.891
decoy,-9.091,7.643
decoy,-8.867,8.825
decoy,-9.001,8.067
decoy,-9.012,7.415
decoy,-8.865,5.215
decoy,-8.865,7.662
decoy,-8.859,6.825
decoy,-8.86,6.869
decoy,-8.856,6.457
decoy,-8.855,5.394
decoy,-8.855,4.989
decoy,-8.854,4.329
decoy,-8.854,4.329
decoy,-8.852,7.816
decoy,-9.166,8.369
decoy,-8.851,5.825
CHEMBL4796632,-8.85,9.524
decoy,-8.846,7.965
decoy,-8.846,6.691
decoy,-8.846,6.696
decoy,-11.148,6.298
decoy,-8.845,7.124
decoy,-10.356,8.862
decoy,-8.841,9.198
decoy,-8.839,7.175
decoy,-8.845,6.732
decoy,-8.838,6.388
decoy,-8.836,6.829
decoy,-9.246,9.01
decoy,-8.841,6.723
decoy,-8.833,7.051
decoy,-8.831,8.176
decoy,-9.028,6.81
decoy,-8.837,7.313
decoy,-8.828,6.926
decoy,-8.826,9.009
decoy,-8.895,6.859
decoy,-8.824,7.251
decoy,-8.903,7.061
decoy,-9.108,6.714
decoy,-8.82,8.908
decoy,-8.827,7.951
decoy,-10.792,7.745
decoy,-8.823,7.286
decoy,-8.817,8.226
decoy,-8.816,7.683
decoy,-8.815,6.98
decoy,-8.839,5.977
decoy,-8.813,6.235
decoy,-8.812,9.111
decoy,-8.835,6.541
decoy,-8.809,7.296
decoy,-8.806,6.359
decoy,-8.804,5.802
decoy,-8.82,7.904
decoy,-8.802,9.589
decoy,-8.802,5.816
decoy,-8.801,5.614
decoy,-8.801,8.769
decoy,-8.798,7.563
MBX2319,-8.797,8.002
decoy,-9.106,9.489
decoy,-8.824,5.769
decoy,-8.805,9.45
decoy,-8.793,6.91
decoy,-8.793,7.18
decoy,-8.792,8.319
decoy,-10.558,9.792
decoy,-8.791,8.795
decoy,-8.791,8.583
decoy,-8.789,6.535
decoy,-8.787,7.029
decoy,-8.83,7.213
decoy,-8.812,6.824
decoy,-8.787,9.428
CHEMBL4788236,-8.784,9.752
decoy,-8.784,9.643
decoy,-8.804,6.505
decoy,-8.832,8.365
decoy,-8.841,9.448
decoy,-9.37,8.07
decoy,-8.836,7.012
decoy,-8.773,8.093
decoy,-8.772,5.686
decoy,-8.774,6.889
decoy,-8.772,6.954
decoy,-8.772,8.583
decoy,-8.798,6.86
decoy,-8.771,7.018
decoy,-8.769,8.016
decoy,-8.769,8.066
decoy,-8.769,8.841
decoy,-9.694,8.89
decoy,-8.766,6.972
decoy,-8.761,7.657
decoy,-8.781,7.366
decoy,-8.76,7.571
decoy,-8.759,9.468
decoy,-8.854,6.23
decoy,-8.757,8.364
decoy,-11.195,8.505
decoy,-8.754,7.884
decoy,-8.751,7.491
decoy,-8.755,7.579
decoy,-8.747,5.978
decoy,-8.747,7.454
decoy,-8.747,7.454
decoy,-8.745,7.95
decoy,-8.733,6.067
decoy,-8.731,7.861
decoy,-8.731,6.894
decoy,-8.731,7.734
decoy,-9.303,7.633
decoy,-8.728,7.974
CHEMBL4560938,-8.724,7.605
decoy,-8.724,7.69
decoy,-8.723,9.388
decoy,-8.722,6.653
decoy,-8.749,7.088
decoy,-9.083,7.281
decoy,-8.722,8.047
decoy,-8.721,9.572
decoy,-8.721,6.76
decoy,-9.131,8.008
decoy,-8.715,7.876
decoy,-8.716,7.165
decoy,-8.711,7.282
decoy,-8.709,8.03
decoy,-8.709,8.273
decoy,-8.709,8.868
decoy,-9.794,7.021
decoy,-8.702,6.559
decoy,-8.702,9.058
decoy,-8.701,7.667
decoy,-8.701,7.536
decoy,-8.7,7.523
decoy,-8.717,6.434
decoy,-8.789,6.656
decoy,-8.696,8.722
decoy,-8.695,7.444
decoy,-8.692,6.163
decoy,-8.692,7.926
decoy,-8.69,6.654
decoy,-8.688,6.637
decoy,-8.707,7.569
decoy,-8.684,6.791
decoy,-8.683,5.92
decoy,-8.683,7.567
decoy,-8.682,5.763
decoy,-8.682,6.114
decoy,-8.682,8.393
decoy,-8.681,7.758
decoy,-9.065,8.795
decoy,-8.678,8.051
decoy,-8.677,8.928
decoy,-8.676,8.027
decoy,-9.003,5.019
decoy,-8.672,5.92
decoy,-8.957,8.388
decoy,-8.745,6.363
decoy,-8.669,9.285
decoy,-8.74,7.699
decoy,-8.673,6.999
decoy,-9.086,7.037
decoy,-8.66,5.856
decoy,-8.659,7.625
decoy,-8.658,5.567
decoy,-8.658,8.577
decoy,-8.656,7.931
decoy,-8.656,9.477
decoy,-8.652,6.292
decoy,-8.649,6.288
decoy,-8.648,6.46
CHEMBL4464070,-8.645,7.698
decoy,-8.645,7.557
decoy,-8.645,5.969
decoy,-8.643,6.958
decoy,-8.669,6.724
decoy,-8.641,5.882
decoy,-8.64,7.322
decoy,-8.639,6.758
decoy,-8.638,6.518
decoy,-8.637,5.032
decoy,-8.655,5.714
decoy,-9.301,8.654
decoy,-8.791,6.958
decoy,-8.63,6.038
decoy,-9.551,9.459
decoy,-8.999,9.151
decoy,-8.628,6.864
decoy,-8.628,7.325
decoy,-8.681,6.898
decoy,-9.662,7.67
decoy,-8.622,9.059
decoy,-8.641,5.367
decoy,-8.619,5.593
decoy,-8.652,7.008
decoy,-8.701,5.953
decoy,-8.631,8.46
decoy,-8.624,8.14
decoy,-8.616,5.491
decoy,-8.616,6.095
CHEMBL4548290,-8.612,8.278
decoy,-8.612,8.128
decoy,-8.609,7.213
decoy,-8.609,5.852
decoy,-8.606,7.594
decoy,-8.605,8.931
decoy,-8.609,8.442
decoy,-8.602,7.622
decoy,-8.601,6.047
decoy,-8.597,6.91
decoy,-8.601,6.647
decoy,-8.611,5.835
decoy,-8.728,8.148
decoy,-8.591,7.571
decoy,-8.59,8.124
decoy,-8.589,8.348
decoy,-8.591,7.348
decoy,-8.587,6.203
decoy,-8.85,7.399
decoy,-8.584,7.912
decoy,-8.582,7.298
decoy,-9.17,8.926
decoy,-8.579,7.426
decoy,-8.577,7.1
decoy,-8.595,6.12
decoy,-9.029,8.736
decoy,-8.575,7.164
decoy,-8.574,7.776
decoy,-8.571,8.783
decoy,-8.567,7.133
decoy,-8.565,6.404
decoy,-8.565,6.207
decoy,-8.565,7.135
decoy,-8.563,7.021
decoy,-8.63,8.54
decoy,-9.202,7.829
decoy,-8.559,8.771
decoy,-8.558,6.782
decoy,-8.557,7.141
decoy,-8.554,6.643
decoy,-8.553,5.488
decoy,-8.881,7.079
decoy,-8.562,5.666
decoy,-8.611,6.393
decoy,-8.673,7.04
decoy,-8.548,6.197
decoy,-8.55,7.485
decoy,-8.546,6.782
CHEMBL392589,-8.546,6.973
decoy,-8.546,7.072
decoy,-8.544,8.609
decoy,-8.543,6.739
decoy,-8.543,7.249
decoy,-11.209,9.609
decoy,-8.538,5.241
decoy,-8.538,7.406
decoy,-8.542,7.026
decoy,-8.733,7.642
decoy,-8.535,7.482
decoy,-8.533,8.385
decoy,-8.533,8.052
decoy,-8.531,7.226
decoy,-8.529,7.357
decoy,-8.528,8.412
decoy,-8.881,7.406
decoy,-10.099,10.005
decoy,-8.524,6.725
decoy,-8.531,7.504
decoy,-8.52,6.792
decoy,-8.52,7.116
decoy,-8.598,6.348
decoy,-8.574,6.748
decoy,-8.515,8.911
decoy,-8.515,7.345
decoy,-8.53,6.039
decoy,-8.515,5.735
decoy,-8.513,7.914
decoy,-8.512,7.046
decoy,-8.512,8.327
decoy,-8.509,7.826
decoy,-8.509,7.236
decoy,-8.505,7.334
decoy,-9.188,7.532
decoy,-8.502,8.388
decoy,-8.501,7.615
decoy,-8.501,6.532
decoy,-8.801,5.856
decoy,-8.498,8.179
CHEMBL4756002,-8.493,6.987
decoy,-8.493,7.072
decoy,-8.486,8.069
decoy,-8.486,8.23
decoy,-8.486,8.077
decoy,-8.485,8.402
decoy,-8.483,8.671
decoy,-8.482,6.167
decoy,-8.481,6.683
CHEMBL4777095,-8.475,8.677
decoy,-8.475,8.555
decoy,-8.474,5.798
decoy,-8.624,6.54
decoy,-8.472,5.546
decoy,-8.485,5.388
decoy,-8.472,7.098
decoy,-8.467,7.462
decoy,-8.464,8.869
decoy,-9.559,8.324
decoy,-8.462,6.995
decoy,-8.719,6.583
decoy,-8.468,6.911
decoy,-8.46,5.884
decoy,-8.459,7.567
decoy,-8.484,7.022
decoy,-8.458,8.281
decoy,-8.462,6.773
decoy,-8.455,6.339
decoy,-8.455,7.541
decoy,-9.145,6.773
decoy,-8.453,7.708
decoy,-8.453,7.164
decoy,-9.03,7.626
decoy,-8.451,6.916
decoy,-8.45,7.823
decoy,-8.449,6.068
decoy,-8.448,7.032
decoy,-8.718,6.534
decoy,-8.515,6.052
decoy,-9.06,7.258
decoy,-8.439,9.267
decoy,-8.437,7.563
decoy,-8.437,6.343
decoy,-8.437,8.45
decoy,-8.435,5.501
decoy,-8.436,6.741
decoy,-8.432,7.517
decoy,-8.431,7.288
decoy,-8.49,8.064
decoy,-8.536,6.489
CHEMBL4582016,-8.429,7.268
decoy,-8.429,7.182
decoy,-8.427,8.577
decoy,-8.43,6.424
decoy,-8.425,6.605
decoy,-8.834,7.133
decoy,-8.423,8.933
decoy,-8.853,6.842
decoy,-8.417,6.646
decoy,-8.434,6.821
decoy,-8.416,7.797
decoy,-8.415,8.305
decoy,-8.414,7.454
decoy,-8.414,5.956
decoy,-8.412,7.276
decoy,-8.412,9.015
decoy,-8.968,6.866
decoy,-8.407,6.482
decoy,-8.425,6.395
decoy,-8.405,6.144
decoy,-8.405,7.661
decoy,-8.444,6.796
decoy,-9.537,6.507
decoy,-8.399,8.499
decoy,-8.398,6.693
decoy,-9.158,6.369
decoy,-8.396,8.266
decoy,-8.393,8.347
decoy,-8.391,6.193
decoy,-8.39,8.667
decoy,-8.391,7.126
decoy,-8.389,6.608
decoy,-8.387,8.492
decoy,-8.385,8.181
decoy,-8.385,6.944
decoy,-8.383,8.561
decoy,-8.383,8.369
decoy,-8.418,6.581
decoy,-8.473,7.502
decoy,-8.379,10.563
decoy,-8.378,8.975
decoy,-9.528,7.7
decoy,-8.522,6.312
decoy,-8.374,5.948
decoy,-8.941,6.454
decoy,-8.372,6.162
decoy,-8.372,7.695
decoy,-8.369,7.491
decoy,-8.377,6.497
decoy,-8.369,7.64
decoy,-8.368,5.522
decoy,-8.368,6.619
decoy,-8.369,8.076
decoy,-8.366,7.882
decoy,-8.366,8.054
decoy,-8.366,8.032
decoy,-8.519,6.697
decoy,-8.364,5.796
decoy,-8.363,7.057
decoy,-8.363,5.434
decoy,-8.485,6.684
decoy,-9.139,6.946
decoy,-8.371,6.575
decoy,-8.616,7.43
decoy,-8.355,5.491
decoy,-8.355,6.54
decoy,-8.353,7.714
decoy,-8.352,7.164
decoy,-8.347,6.295
decoy,-8.363,9.739
decoy,-8.345,5.571
decoy,-9.59,9.188
decoy,-8.414,7.19
decoy,-8.34,7.232
decoy,-8.34,5.916
decoy,-8.465,8.311
decoy,-8.356,6.783
decoy,-8.409,7.753
decoy,-8.339,6.677
decoy,-8.338,8.234
decoy,-8.337,7.275
decoy,-8.337,7.158
decoy,-8.336,5.092
decoy,-8.335,7.575
decoy,-8.364,5.825
decoy,-8.973,8.219
decoy,-8.331,8.076
decoy,-8.331,6.921
decoy,-8.426,6.987
decoy,-8.328,7.993
decoy,-9.254,8.447
decoy,-8.331,7.177
decoy,-8.353,6.076
decoy,-8.367,8.388
decoy,-8.319,5.746
decoy,-8.903,9.323
decoy,-8.316,7.514
decoy,-8.315,6.103
decoy,-8.315,6.514
decoy,-8.314,8.504
decoy,-8.309,6.735
decoy,-8.308,8.145
decoy,-8.319,7.269
decoy,-8.334,7.888
decoy,-8.304,5.948
decoy,-8.304,7.527
decoy,-9.841,9.284
decoy,-8.302,5.761
decoy,-8.32,4.996
decoy,-8.301,8.886
decoy,-8.301,8.687
decoy,-8.983,5.672
decoy,-9.122,9.142
decoy,-8.295,6.282
decoy,-8.296,6.125
decoy,-8.569,8.781
decoy,-8.294,7.537
decoy,-8.294,5.717
decoy,-8.296,6.69
decoy,-8.358,6.091
decoy,-8.889,7.024
decoy,-8.29,6.91
decoy,-8.291,7.957
decoy,-8.583,7.167
decoy,-8.4,7.705
decoy,-8.983,6.721
decoy,-8.302,6.323
decoy,-8.301,6.564
decoy,-8.286,6.533
decoy,-8.285,5.684
decoy,-8.284,8.718
decoy,-8.557,6.523
decoy,-8.335,6.675
decoy,-8.292,7.433
decoy,-8.689,7.252
decoy,-8.276,7.293
decoy,-8.275,8.374
decoy,-9.209,7.922
decoy,-9.31,8.445
decoy,-8.269,6.66
decoy,-8.275,6.786
decoy,-8.268,7.443
decoy,-9.427,9.24
decoy,-8.267,8.307
decoy,-8.27,9.313
decoy,-8.308,6.869
decoy,-8.266,8.823
decoy,-8.267,7.298
decoy,-8.266,7.749
decoy,-8.937,8.512
decoy,-8.264,7.575
decoy,-8.294,7.454
decoy,-8.26,6.423
decoy,-8.353,9.107
decoy,-8.259,7.737
decoy,-8.258,5.889
decoy,-8.256,8.506
decoy,-8.255,8.519
decoy,-8.252,7.383
decoy,-8.252,8.833
decoy,-8.27,7.394
CHEMBL4740685,-8.249,9.802
decoy,-8.248,9.877
decoy,-8.248,6.377
decoy,-8.247,6.711
decoy,-8.247,6.893
decoy,-8.247,6.604
decoy,-8.243,9.174
decoy,-8.242,7.074
decoy,-8.24,7.908
decoy,-9.525,8.055
decoy,-8.24,5.849
decoy,-8.24,7.871
decoy,-8.861,8.045
decoy,-8.236,6.052
decoy,-8.647,8.041
decoy,-8.234,7.256
decoy,-8.233,6.02
decoy,-8.231,7.844
decoy,-8.231,6.874
decoy,-8.229,7.933
decoy,-8.334,7.517
decoy,-8.246,6.147
decoy,-8.302,9.005
decoy,-8.243,6.089
decoy,-8.223,7.316
decoy,-8.515,6.907
decoy,-9.535,6.102
CHEMBL4751754,-8.218,6.654
decoy,-8.218,6.86
decoy,-8.217,7.578
decoy,-8.217,7.443
decoy,-8.222,8.069
decoy,-10.899,7.075
decoy,-8.738,6.64
decoy,-8.218,6.316
decoy,-8.215,8.877
decoy,-10.744,8.938
decoy,-8.213,8.53
decoy,-9.235,7.959
decoy,-8.212,9.35
decoy,-8.212,5.407
decoy,-8.211,6.177
decoy,-8.21,6.146
decoy,-8.204,5.676
decoy,-8.37,7.423
decoy,-9.228,7.973
decoy,-8.201,7.73
decoy,-10.645,7.007
decoy,-8.61,7.938
decoy,-8.204,5.819
decoy,-8.196,9.093
decoy,-8.227,7.144
decoy,-8.196,6.759
decoy,-8.2,5.499
decoy,-8.195,6.578
decoy,-9.93,7.146
decoy,-8.21,7.142
decoy,-8.537,6.017
decoy,-8.191,8.21
CHEMBL4799913,-8.192,7.671
decoy,-8.192,7.708
decoy,-8.295,6.576
decoy,-8.188,8.287
decoy,-8.204,7.821
decoy,-8.185,7.681
decoy,-8.251,7.038
decoy,-8.296,6.703
decoy,-8.183,5.969
decoy,-9.711,6.974
decoy,-8.18,7.45
decoy,-8.179,5.979
decoy,-8.178,6.417
decoy,-8.522,7.007
decoy,-8.229,7.606
decoy,-8.168,6.333
decoy,-8.261,6.93
decoy,-8.167,7.108
decoy,-8.166,7.187
decoy,-8.165,5.696
decoy,-8.188,6.227
decoy,-8.163,7.024
decoy,-8.313,7.131
decoy,-8.484,6.308
decoy,-8.16,7.321
decoy,-8.226,7.23
decoy,-8.159,6.735
decoy,-8.154,7.712
decoy,-8.151,8.36
decoy,-8.15,7.435
decoy,-8.153,8.004
decoy,-8.15,8.846
decoy,-8.149,6.759
doxorubicin,-8.182,10.76
decoy,-8.148,4.788
decoy,-8.151,7.152
CHEMBL4750285,-8.147,6.364
decoy,-8.147,7.072
decoy,-8.17,7.628
decoy,-8.143,6.513
decoy,-8.142,7.69
decoy,-8.143,8.048
decoy,-8.573,7.387
decoy,-8.138,6.405
decoy,-8.139,7.284
decoy,-8.211,6.348
decoy,-8.133,6.482
decoy,-8.132,6.073
decoy,-8.136,6.672
decoy,-8.13,7.798
decoy,-8.129,8.34
decoy,-8.139,7.841
decoy,-8.127,8.436
decoy,-8.126,6.092
decoy,-8.126,5.738
decoy,-8.125,6.781
decoy,-8.13,8.064
decoy,-8.176,8.572
decoy,-8.984,8.477
decoy,-8.14,5.837
decoy,-8.491,6.435
decoy,-8.118,8.097
decoy,-8.118,6.705
decoy,-8.118,6.976
decoy,-8.537,6.272
decoy,-8.115,7.349
decoy,-8.128,7.502
decoy,-8.112,7.456
decoy,-8.146,6.572
decoy,-8.112,6.251
decoy,-8.11,6.811
decoy,-8.151,6.938
decoy,-8.107,7.531
decoy,-9.875,7.231
decoy,-8.103,7.609
decoy,-8.103,5.494
decoy,-8.103,7.639
decoy,-8.576,5.959
decoy,-8.102,8.52
decoy,-8.248,6.631
decoy,-8.168,7.511
decoy,-8.116,6.868
decoy,-9.961,6.943
decoy,-8.132,7.625
CHEMBL4763478,-8.099,7.897
decoy,-8.099,7.322
decoy,-8.097,6.791
decoy,-8.097,6.259
decoy,-8.097,6.163
decoy,-8.097,6.434
decoy,-8.095,5.579
decoy,-8.094,8.231
decoy,-8.236,7.522
decoy,-8.092,4.896
decoy,-8.394,8.384
decoy,-8.092,6.575
decoy,-8.663,6.814
decoy,-8.58,7.085
decoy,-8.087,7.261
decoy,-8.093,7.017
decoy,-8.085,7.483
decoy,-8.085,7.551
decoy,-8.082,6.346
decoy,-8.082,4.824
decoy,-8.082,6.799
decoy,-8.082,5.827
decoy,-8.092,7.049
decoy,-8.082,6.163
decoy,-8.081,11.14
decoy,-8.079,7.006
decoy,-8.079,6.833
decoy,-8.124,7.302
decoy,-8.497,5.964
decoy,-8.077,6.094
decoy,-8.075,7.851
decoy,-9.076,6.82
decoy,-8.209,7.305
decoy,-8.07,9.126
decoy,-8.064,5.791
decoy,-8.474,6.694
decoy,-8.062,5.852
decoy,-8.062,5.98
decoy,-8.32,6.609
decoy,-8.164,6.246
decoy,-8.081,5.32
decoy,-8.063,6.285
CHEMBL4763458,-8.057,6.583
decoy,-8.057,6.235
decoy,-9.616,7.291
decoy,-8.172,8.538
decoy,-9.387,7.853
decoy,-8.056,6.079
decoy,-8.73,7.757
decoy,-8.054,6.995
decoy,-8.053,6.994
decoy,-8.052,6.587
decoy,-8.326,8.61
decoy,-8.068,6.353
decoy,-8.049,6.652
decoy,-8.415,7.507
decoy,-8.049,5.802
decoy,-8.048,5.806
decoy,-8.048,5.086
decoy,-8.047,7.963
decoy,-8.045,5.95
decoy,-8.042,6.029
decoy,-8.562,6.299
decoy,-8.037,4.639
decoy,-8.411,8.555
decoy,-8.038,5.552
decoy,-8.11,6.817
decoy,-8.066,7.003
decoy,-8.301,7.044
decoy,-8.03,10.143
decoy,-8.029,8.046
decoy,-8.186,6.263
decoy,-8.419,6.218
decoy,-8.025,7.634
decoy,-9.665,8.688
decoy,-8.02,6.44
decoy,-8.128,6.626
decoy,-8.047,5.69
decoy,-8.018,7.089
decoy,-8.16,6.494
decoy,-8.017,7.246
decoy,-8.017,6.686
decoy,-8.081,6.844
decoy,-8.016,6.94
decoy,-8.049,7.618
decoy,-8.014,8.5
decoy,-8.037,7.254
decoy,-8.565,7.784
decoy,-8.01,6.97
decoy,-8.009,6.216
decoy,-8.162,5.823
decoy,-8.008,7.154
decoy,-8.005,6.381
decoy,-8.003,6.808
decoy,-8.013,6.347
decoy,-8.002,8.73
decoy,-8,7.652
decoy,-8.536,5.901
decoy,-7.999,6.941
decoy,-8.011,6.958
decoy,-7.996,5.288
decoy,-9.493,9.224
decoy,-9.045,10.592
decoy,-8.312,5.898
decoy,-8,6.076
decoy,-9.563,8.144
decoy,-7.989,5.709
decoy,-8.002,6.046
decoy,-8.029,6.347
decoy,-8.103,7.493
decoy,-7.986,8.115
decoy,-7.984,8.427
decoy,-7.988,6.923
decoy,-7.984,6.372
decoy,-8.01,6.108
decoy,-8.82,8.645
decoy,-8.73,6.113
decoy,-8.285,5.839
decoy,-8.005,6.314
decoy,-7.971,7.257
decoy,-9.169,9.682
decoy,-7.968,7.296
decoy,-7.969,5.786
decoy,-7.966,6.489
decoy,-8.24,9.109
decoy,-7.963,6.243
decoy,-7.961,7.121
decoy,-7.959,7.656
decoy,-8.429,5.985
decoy,-7.953,8.376
decoy,-7.98,6.939
decoy,-7.966,7.543
decoy,-8.54,7.421
decoy,-7.955,8.202
decoy,-8.491,6.335
decoy,-7.949,9.114
decoy,-7.943,8.145
decoy,-7.943,5.666
decoy,-7.94,5.731
decoy,-8.2,5.647
decoy,-7.94,7.402
decoy,-7.939,6.795
decoy,-7.939,8.123
decoy,-8.271,10.224
decoy,-10.385,9.715
decoy,-9.449,9.714
CHEMBL4761026,-7.936,7.234
decoy,-7.936,7.813
decoy,-7.936,7.142
decoy,-7.934,7.92
decoy,-7.933,6.116
decoy,-7.966,7.896
decoy,-7.943,6.067
decoy,-7.93,7.345
decoy,-7.93,9.771
decoy,-8.158,6.162
decoy,-8.698,6.078
decoy,-8.323,7.061
decoy,-8.107,7.936
decoy,-7.926,7.776
decoy,-7.926,8.23
decoy,-8.099,6.42
decoy,-7.925,6.777
decoy,-7.924,7.342
decoy,-7.922,9.345
decoy,-7.942,8.69
decoy,-9.063,9.297
decoy,-7.921,7.633
decoy,-7.92,6.73
decoy,-7.92,7.661
decoy,-7.957,8.068
decoy,-8.097,8.516
decoy,-7.951,7.864
decoy,-7.917,6.641
decoy,-8.057,6.619
decoy,-7.938,6.707
decoy,-10.599,8.056
decoy,-7.914,6.113
decoy,-8.029,6.132
decoy,-8.811,8.681
decoy,-8.018,6.676
CHEMBL313972,-7.912,6.572
decoy,-7.912,6.832
decoy,-7.911,5.162
decoy,-7.912,5.746
decoy,-7.927,5.698
decoy,-7.91,7.022
decoy,-8.09,5.711
decoy,-8.044,6.082
decoy,-7.91,6.363
decoy,-7.908,6.386
decoy,-8.004,8.545
decoy,-7.914,5.981
decoy,-8.317,7.4
decoy,-7.931,7.232
decoy,-7.905,6.242
decoy,-7.905,7.686
decoy,-7.905,6.721
decoy,-7.904,6.291
decoy,-7.926,7.522
decoy,-7.908,5.935
decoy,-7.946,6.146
decoy,-7.895,6.056
decoy,-7.91,7.17
decoy,-7.974,5.967
decoy,-7.891,5.628
decoy,-8.033,6.736
decoy,-7.889,7.112
decoy,-9.023,6.95
decoy,-7.944,6.403
decoy,-7.988,6.668
decoy,-7.892,7.462
decoy,-9.215,7.473
decoy,-7.898,6.343
decoy,-8.713,8.492
decoy,-7.886,6.736
decoy,-7.886,8.432
decoy,-8.522,7.249
decoy,-7.885,9.163
decoy,-7.884,6.382
decoy,-7.882,6.643
decoy,-8.652,7.369
decoy,-7.878,5.403
decoy,-8.423,7.716
decoy,-8.22,7.53
decoy,-7.876,10.003
decoy,-7.873,7.048
decoy,-7.873,8.09
decoy,-7.873,7.502
decoy,-8.03,6.764
decoy,-7.885,6.411
decoy,-7.881,5.616
decoy,-7.88,7.167
decoy,-9.217,7.744
decoy,-7.866,5.934
decoy,-7.881,7.165
decoy,-7.863,6.672
decoy,-7.862,10.658
decoy,-7.893,6.304
decoy,-7.861,6.433
decoy,-7.861,8.263
decoy,-8.278,6.045
decoy,-7.861,7.587
decoy,-8.234,9.157
decoy,-7.872,6.61
decoy,-7.858,7.47
decoy,-8.355,9.292
decoy,-7.855,6.678
decoy,-8.645,6.385
decoy,-9.148,9.079
decoy,-7.853,6.458
decoy,-8.943,7.89
decoy,-7.85,8.09
decoy,-7.852,6.897
decoy,-7.946,6.22
decoy,-7.956,7.575
rhodamin6G,-7.848,7.766
decoy,-7.96,9.226
decoy,-7.847,7.257
decoy,-7.897,6.688
decoy,-7.846,7.286
decoy,-7.898,5.93
decoy,-8.033,6.773
decoy,-8.073,7.04
decoy,-8.66,7.565
decoy,-7.844,7.856
decoy,-7.841,8.048
CHEMBL4742045,-7.84,7.6
decoy,-7.84,7.453
decoy,-8.144,6.867
decoy,-7.834,6.168
decoy,-7.833,7.255
decoy,-7.833,6.005
decoy,-7.833,7.014
decoy,-7.832,6.376
decoy,-7.914,4.567
decoy,-8.904,8.497
decoy,-7.824,7.812
decoy,-9.678,6.368
decoy,-7.822,9.118
decoy,-7.82,5.816
decoy,-7.82,7.625
decoy,-7.819,4.56
decoy,-7.855,7.734
decoy,-7.879,6.168
decoy,-7.816,6.56
decoy,-7.816,5.293
decoy,-7.813,7.131
decoy,-7.812,5.603
decoy,-7.925,7.07
decoy,-9.057,6.738
decoy,-7.811,6.866
decoy,-8.49,8.489
decoy,-9.14,6.96
decoy,-8.986,8.321
decoy,-7.808,7.285
decoy,-7.816,7.358
decoy,-7.807,7.171
decoy,-9.026,7.014
decoy,-7.804,5.576
decoy,-7.894,6.357
decoy,-8.382,8.12
decoy,-7.8,7.138
decoy,-7.802,8.928
decoy,-7.8,7.673
decoy,-9.021,8.879
decoy,-7.8,7.117
decoy,-7.799,6.615
decoy,-7.798,9.877
decoy,-8.257,5.913
decoy,-7.797,6.269
decoy,-8.161,7.322
decoy,-7.794,6.469
decoy,-8.021,8.112
decoy,-7.792,7.128
rhodamin6G,-7.792,9.728
decoy,-7.788,7.775
decoy,-7.783,7.007
decoy,-7.781,8.122
decoy,-7.78,7.443
decoy,-7.842,7.272
decoy,-7.778,6.321
decoy,-7.777,6.839
decoy,-9.628,7.767
decoy,-7.775,6.181
decoy,-9.723,7.312
decoy,-7.772,6.826
decoy,-9.167,8.418
decoy,-7.769,6.284
decoy,-7.769,9.674
decoy,-7.768,7.356
decoy,-7.767,7.216
decoy,-7.767,7.872
decoy,-7.765,7.224
CHEMBL4799614,-7.766,7.919
decoy,-7.766,8.085
decoy,-7.764,5.141
decoy,-7.765,7.164
decoy,-7.763,7.071
decoy,-9.187,7.215
decoy,-7.759,6.383
decoy,-7.757,6.694
decoy,-7.754,5.629
decoy,-7.754,7.304
decoy,-7.772,6.678
decoy,-7.752,5.405
decoy,-8.07,6.657
CHEMBL4741175,-7.76,7.001
decoy,-7.76,5.42
decoy,-7.782,8.518
decoy,-7.96,6.36
decoy,-8.959,7.124
decoy,-7.747,8.243
decoy,-7.745,6.375
decoy,-7.744,6.73
decoy,-9.181,9.046
decoy,-7.741,7.584
decoy,-7.74,7.481
decoy,-8.639,7.515
decoy,-7.737,7.206
decoy,-7.831,6.148
decoy,-7.737,6.311
decoy,-7.736,6.961
decoy,-7.735,8.601
decoy,-8.097,7.248
decoy,-7.881,5.164
decoy,-8.588,6.359
decoy,-7.887,6.561
decoy,-7.839,10.511
decoy,-8.917,8.792
decoy,-8.358,7.055
decoy,-7.742,6.157
decoy,-10.127,8.524
decoy,-7.727,9.617
decoy,-7.724,8.172
decoy,-7.722,6.404
decoy,-7.721,7.731
decoy,-9.579,8.692
decoy,-7.754,6.176
decoy,-8.033,6.502
decoy,-7.849,7.761
decoy,-8.81,8.652
decoy,-7.716,5.146
decoy,-8.644,6.36
decoy,-7.712,5.15
decoy,-7.711,7.551
decoy,-7.714,10.351
decoy,-7.711,5.344
decoy,-7.711,7.289
decoy,-7.71,8.098
decoy,-7.733,5.702
decoy,-7.801,6.675
decoy,-7.706,11.292
decoy,-7.709,7.024
decoy,-8.567,8.052
decoy,-7.703,5.513
decoy,-8.057,6.689
decoy,-8.65,6.74
decoy,-8.109,6.983
decoy,-8.806,8.25
decoy,-7.857,6.491
decoy,-7.977,6.529
decoy,-8.914,6.785
decoy,-7.693,6.965
decoy,-7.692,7.316
decoy,-7.692,7.758
decoy,-7.692,7.848
decoy,-7.703,6.214
decoy,-7.69,7.347
decoy,-7.862,6.03
decoy,-7.688,6.204
decoy,-7.731,5.722
decoy,-7.689,8.83
decoy,-7.693,9.357
decoy,-7.684,6.73
decoy,-7.715,6.466
decoy,-7.682,4.764
decoy,-7.679,4.763
decoy,-7.861,6.67
decoy,-7.679,5.848
decoy,-10.263,7.598
decoy,-7.676,9.615
decoy,-8.554,6.715
decoy,-7.675,9.236
decoy,-8.694,6.509
decoy,-8.057,6.322
decoy,-8.057,6.322
decoy,-7.772,7.033
decoy,-7.672,8.568
decoy,-7.671,6.51
decoy,-7.766,6.912
decoy,-7.713,6.254
decoy,-7.669,7.387
decoy,-7.668,6.168
decoy,-7.667,7.167
decoy,-7.667,5.95
decoy,-7.674,7.088
decoy,-7.752,5.782
decoy,-7.813,8.529
decoy,-7.662,7.838
decoy,-7.661,6.139
decoy,-7.819,7.409
decoy,-7.659,6.162
decoy,-7.657,7.432
decoy,-7.657,7.082
decoy,-7.652,5.099
decoy,-7.652,6.418
decoy,-7.652,7.837
decoy,-8.026,5.574
decoy,-7.65,8.447
decoy,-7.65,6.262
decoy,-7.649,5.262
decoy,-7.912,6.467
decoy,-8.093,8.074
decoy,-7.653,6.121
decoy,-7.647,4.579
decoy,-7.951,8.856
decoy,-7.708,6.301
decoy,-7.646,6.262
decoy,-8.725,8.094
decoy,-7.665,6.497
decoy,-7.676,6.917
decoy,-7.642,8.939
decoy,-7.641,8.042
decoy,-7.641,9.732
decoy,-7.652,7.002
decoy,-9.298,6.086
decoy,-7.633,7.346
decoy,-7.812,8.182
decoy,-7.63,5.642
decoy,-10.098,8.818
decoy,-7.671,8.03
decoy,-7.627,5.998
decoy,-7.627,9.391
decoy,-7.627,6.294
decoy,-7.626,6.737
decoy,-8.142,6.98
decoy,-7.624,6.857
decoy,-7.769,6.701
decoy,-7.779,6.637
decoy,-7.632,7.078
decoy,-7.616,8.483
decoy,-7.615,8.745
decoy,-7.614,6.935
decoy,-10.266,6.312
decoy,-7.611,10.329
decoy,-7.611,7.277
decoy,-7.608,5.03
decoy,-9.574,6.131
decoy,-7.607,9.278
decoy,-7.958,7.001
decoy,-7.866,7.172
decoy,-8.884,7.013
decoy,-7.605,6.235
decoy,-9.228,5.959
decoy,-7.673,8.87
decoy,-7.604,9.085
decoy,-7.603,7.164
decoy,-7.603,6.989
decoy,-7.794,8.095
decoy,-7.613,6.844
decoy,-7.714,7.465
decoy,-8.188,8.388
decoy,-8.933,6.583
decoy,-7.599,7.701
decoy,-7.6,5.756
decoy,-7.596,8.041
decoy,-8.386,5.806
decoy,-7.591,7.399
decoy,-7.589,6.826
decoy,-8.437,6.629
decoy,-7.588,8.559
decoy,-7.651,10.102
decoy,-7.587,8.899
decoy,-7.586,7.357
decoy,-7.585,7.052
decoy,-10.197,8.414
decoy,-7.584,4.723
decoy,-7.772,9.316
decoy,-7.583,8.231
decoy,-7.582,8.065
decoy,-7.582,7.628
decoy,-10.112,8.131
decoy,-8.519,6.106
decoy,-7.576,6.666
decoy,-7.576,4.384
decoy,-7.625,6.507
decoy,-7.575,6.853
decoy,-8.805,6.907
decoy,-7.574,6.962
decoy,-7.621,6.73
decoy,-7.573,7.104
CHEMBL4743702,-7.608,6.524
decoy,-7.608,6.387
decoy,-7.571,7.445
decoy,-8.685,6.933
decoy,-7.569,8.099
decoy,-7.596,7.956
decoy,-7.567,5.784
decoy,-8.55,7.712
decoy,-7.567,5.647
decoy,-7.564,8.968
decoy,-8.673,8.187
decoy,-7.607,5.914
decoy,-9.436,7.19
decoy,-8.316,7.815
decoy,-9.395,6.779
decoy,-7.56,10.086
decoy,-7.97,6.823
decoy,-7.558,5.854
decoy,-7.557,6.829
decoy,-7.555,8.491
decoy,-7.554,8.701
decoy,-8.196,7.216
decoy,-7.553,7.387
decoy,-8.591,6.645
decoy,-7.96,5.579
decoy,-7.549,8.03
decoy,-7.549,7.404
decoy,-8.456,6.431
decoy,-7.543,7.058
decoy,-7.543,5.341
decoy,-8.544,6.514
decoy,-7.546,6.207
decoy,-7.617,7.31
decoy,-7.58,6.704
decoy,-7.678,7.902
decoy,-7.542,6.372
decoy,-7.56,9.292
decoy,-7.538,5.438
decoy,-8.525,7.073
decoy,-7.955,8.867
decoy,-7.731,6.942
decoy,-7.938,5.502
decoy,-7.525,6.889
decoy,-7.57,8.157
decoy,-7.548,5.683
decoy,-7.522,7.238
decoy,-7.522,6.73
decoy,-7.581,7.064
decoy,-7.82,7.423
decoy,-7.519,6.386
decoy,-7.518,6.578
decoy,-7.522,6.927
decoy,-7.548,4.978
decoy,-7.516,7.865
decoy,-7.516,6.638
decoy,-7.514,8.504
decoy,-7.74,6.094
decoy,-7.558,6.932
decoy,-7.516,5.463
decoy,-8.543,6.233
decoy,-7.511,7.36
decoy,-8.105,6.001
decoy,-7.51,6.265
decoy,-9.844,7.7
decoy,-7.53,6.769
decoy,-7.506,9.115
decoy,-7.883,6.803
decoy,-8.66,6.518
decoy,-7.5,7.204
decoy,-7.548,6.37
decoy,-7.569,9.85
decoy,-7.992,7.032
decoy,-7.909,7.686
decoy,-7.497,6.992
decoy,-8.516,7.841
decoy,-9.031,7.685
decoy,-7.495,5.672
decoy,-8.496,7.371
decoy,-7.494,8.044
decoy,-8.219,6.054
decoy,-7.597,7.062
decoy,-7.49,6.833
decoy,-7.488,6.063
decoy,-7.488,8.229
decoy,-7.487,4.982
decoy,-7.567,6.565
decoy,-7.486,9.061
decoy,-7.707,8.187
decoy,-7.489,6.037
decoy,-8.115,8.506
decoy,-7.49,8.09
decoy,-7.481,6.179
decoy,-7.812,7.911
decoy,-7.922,8.054
decoy,-7.892,6.211
decoy,-7.476,4.558
decoy,-7.483,5.923
decoy,-9.689,8.857
decoy,-8.061,7.074
decoy,-7.469,8.647
decoy,-7.614,7.682
decoy,-7.475,6.206
decoy,-7.498,6.83
decoy,-9.32,7.36
decoy,-7.466,6.979
decoy,-7.463,5.62
decoy,-7.89,6.31
decoy,-7.479,6.662
decoy,-7.461,8.52
decoy,-7.464,6.586
decoy,-9.337,7.918
decoy,-7.932,7.004
decoy,-7.471,5.85
decoy,-7.455,7.978
decoy,-7.454,8.002
decoy,-7.453,8.359
decoy,-7.651,8.211
decoy,-7.452,7.438
decoy,-7.451,6.473
decoy,-7.452,7.902
decoy,-8.616,6.898
decoy,-7.467,6.275
decoy,-9.136,8.66
decoy,-9.702,6.712
decoy,-7.446,7.007
decoy,-8.477,6.08
decoy,-9.075,6.728
decoy,-7.598,7.649
decoy,-8.332,9.05
decoy,-7.441,7.244
decoy,-9.098,9.225
decoy,-7.713,7.135
decoy,-7.439,6.176
decoy,-7.518,6.768
decoy,-7.495,7.168
decoy,-9.348,5.889
decoy,-8.164,7.356
decoy,-7.626,10.098
decoy,-7.436,7.326
decoy,-7.966,7.101
decoy,-7.436,6.292
decoy,-7.606,5.969
decoy,-7.94,7.368
decoy,-7.842,8.812
decoy,-9.694,7.771
decoy,-7.43,8.378
decoy,-7.438,6.679
decoy,-8.425,6.308
decoy,-7.839,8.035
decoy,-7.427,8.026
decoy,-7.838,10.395
decoy,-7.956,7.175
decoy,-7.429,7.176
decoy,-7.421,5.547
decoy,-7.43,6.532
decoy,-7.42,7.105
decoy,-7.419,5.175
decoy,-7.93,5.575
decoy,-7.42,6.175
decoy,-7.947,7.061
decoy,-7.513,8
decoy,-7.414,8.383
decoy,-8.586,9.399
decoy,-7.411,5.688
decoy,-7.409,7.176
decoy,-7.437,7.438
decoy,-8.132,6.897
decoy,-7.464,7.714
decoy,-7.617,7.249
decoy,-7.518,6.795
decoy,-7.85,6.242
decoy,-7.412,5.824
decoy,-7.401,6.816
decoy,-7.4,6.696
decoy,-7.407,7.717
decoy,-7.398,7.284
decoy,-7.398,5.667
decoy,-7.396,7.96
decoy,-8.395,7.366
decoy,-7.396,8.988
decoy,-7.872,6.679
decoy,-7.395,5.158
decoy,-7.393,8.738
decoy,-7.392,3.651
decoy,-8.093,6.883
decoy,-7.391,6.643
decoy,-7.892,7.709
decoy,-7.388,6.028
decoy,-7.479,5.428
decoy,-7.387,6.987
decoy,-7.966,7.176
decoy,-7.384,9.196
decoy,-7.391,5.876
decoy,-7.381,9.186
decoy,-7.382,6.155
decoy,-8.904,9.031
decoy,-8.966,6.222
decoy,-7.378,6.561
decoy,-7.378,6.427
decoy,-7.413,6.417
decoy,-7.825,6.361
decoy,-9.423,6.008
decoy,-7.703,7.661
decoy,-7.538,6.782
decoy,-7.369,6.333
decoy,-7.492,9.354
decoy,-7.596,6.364
decoy,-8.8,7.269
decoy,-7.363,6.857
decoy,-7.361,6.827
decoy,-7.644,8.969
decoy,-7.373,5.667
decoy,-7.357,6.574
decoy,-7.357,5.481
decoy,-7.357,7.071
decoy,-8.947,6.017
decoy,-7.35,8.412
decoy,-7.345,7.308
decoy,-7.361,6.838
decoy,-7.344,6.3
decoy,-7.889,6.944
decoy,-9.327,8.389
decoy,-7.379,6.225
decoy,-8.996,8.53
decoy,-7.339,5.291
decoy,-7.952,7.797
decoy,-8.559,8.525
decoy,-7.401,6.899
decoy,-7.551,7.623
decoy,-7.342,6.442
decoy,-8.95,6.999
decoy,-7.335,6.976
decoy,-7.375,6.252
decoy,-7.338,7.122
decoy,-7.333,5.126
decoy,-7.91,9.455
decoy,-7.43,6.949
decoy,-7.342,5.981
decoy,-8.39,6.984
decoy,-7.329,7.223
decoy,-10.044,8.642
decoy,-7.327,5.33
decoy,-7.413,8.235
decoy,-7.334,8.233
decoy,-7.324,6.18
decoy,-9.008,7.916
decoy,-7.324,6.708
decoy,-9.378,6.817
decoy,-9.911,7.596
decoy,-8.028,7.656
decoy,-9.058,6.939
decoy,-7.318,3.98
decoy,-7.315,6.632
decoy,-8.673,6.083
decoy,-8.085,5.461
decoy,-7.347,5.951
decoy,-9.13,7.781
decoy,-8.511,6.806
decoy,-7.334,7.77
decoy,-7.308,6.386
decoy,-8.233,7.184
decoy,-7.738,6.457
decoy,-8.336,7.363
decoy,-7.4,6.664
decoy,-8.676,7.697
decoy,-9.066,7.23
decoy,-8.208,6.82
decoy,-7.748,6.313
decoy,-7.299,6.76
decoy,-9.745,5.737
decoy,-7.348,7.314
decoy,-7.293,8.642
decoy,-8.357,7.004
decoy,-7.883,7.315
decoy,-8.256,6.795
decoy,-7.291,6.472
decoy,-7.701,6.813
decoy,-7.287,8.358
decoy,-7.302,5.197
decoy,-7.286,7.45
decoy,-9.224,6.416
decoy,-7.281,10.114
decoy,-7.281,8.78
decoy,-7.28,9.655
decoy,-7.521,6.039
decoy,-7.277,7.346
decoy,-7.407,6.853
decoy,-9.323,6.233
decoy,-7.559,8.435
decoy,-7.693,9.552
decoy,-7.372,6.956
decoy,-7.27,8.65
decoy,-7.761,6.581
decoy,-7.262,5.53
decoy,-7.261,6.254
decoy,-9.739,6.069
decoy,-8.742,6.805
decoy,-8.903,7.025
decoy,-7.317,6.009
decoy,-7.749,7.826
decoy,-7.273,7.76
decoy,-7.254,6.083
decoy,-7.251,6.327
decoy,-7.25,7.052
decoy,-7.25,10.734
decoy,-7.66,9.165
decoy,-7.883,5.775
decoy,-7.292,6.13
decoy,-7.376,6.777
decoy,-7.247,8.411
decoy,-7.437,5.333
decoy,-8.795,7.69
decoy,-7.246,8.453
decoy,-7.247,6.488
decoy,-7.256,6.616
decoy,-7.245,7.353
decoy,-7.244,7.961
decoy,-7.243,5.685
decoy,-7.241,8.762
decoy,-7.868,7.56
decoy,-7.279,7.43
decoy,-7.24,6.374
decoy,-7.413,6.1
decoy,-8.253,6.949
decoy,-7.237,9.111
decoy,-7.984,10.012
CHEMBL4754781,-7.236,6.266
decoy,-7.236,6.426
decoy,-7.235,5.364
decoy,-7.667,6.223
decoy,-7.71,8.011
decoy,-7.233,5.772
decoy,-7.233,5.772
decoy,-7.233,7.696
decoy,-7.287,6.647
decoy,-7.347,6.466
decoy,-7.422,7.218
decoy,-7.223,8.092
decoy,-7.244,5.192
decoy,-7.222,6.733
decoy,-8.484,6.148
decoy,-7.22,7.137
decoy,-7.63,8.711
decoy,-7.53,5.978
decoy,-7.316,7.404
decoy,-8.972,7.449
decoy,-7.216,9.493
decoy,-7.234,6.526
decoy,-7.654,5.658
decoy,-7.214,8.266
decoy,-7.213,9.999
decoy,-7.232,7.78
decoy,-9.469,9.88
decoy,-7.223,6.723
decoy,-8.684,6.816
decoy,-7.207,9.912
decoy,-7.802,7.265
decoy,-7.202,7.074
decoy,-9.815,6.786
decoy,-7.612,8.816
decoy,-7.202,8.037
decoy,-7.456,6.31
decoy,-7.611,7.141
decoy,-7.247,8.561
decoy,-7.219,7.338
decoy,-7.88,7.016
decoy,-7.605,8.83
decoy,-7.194,5.297
decoy,-7.191,4.487
decoy,-7.201,5.998
decoy,-8.823,7.891
decoy,-7.196,7.028
decoy,-7.837,7.504
decoy,-7.194,7.365
decoy,-7.188,6.492
decoy,-7.183,7.618
decoy,-7.185,6.155
decoy,-9.861,7.022
decoy,-7.589,7.35
decoy,-7.178,7.255
decoy,-7.178,6.919
decoy,-7.182,8.075
decoy,-7.569,8.138
decoy,-9.152,5.488
decoy,-7.177,7.013
decoy,-7.186,7.53
decoy,-8.083,6.26
decoy,-7.176,6.159
decoy,-8.016,8.9
decoy,-7.168,9.249
decoy,-7.203,9.543
decoy,-7.684,5.706
decoy,-7.165,6.818
decoy,-7.4,6.661
decoy,-8.842,6.77
decoy,-7.16,8.85
decoy,-8.502,5.647
decoy,-7.159,6.824
decoy,-7.921,7.366
decoy,-7.158,4.263
decoy,-7.16,6.838
decoy,-8.435,7.11
doxorubicin,-8.888,10.448
decoy,-8.767,7.358
decoy,-7.444,6.152
decoy,-7.532,6.613
decoy,-7.154,6.474
decoy,-7.152,8.33
decoy,-7.151,7.39
decoy,-7.151,4.708
decoy,-7.19,8.565
decoy,-7.56,9.552
decoy,-8.528,6.932
decoy,-7.324,7.802
decoy,-8.249,8.326
decoy,-7.147,6.501
decoy,-9.368,9.056
decoy,-8.457,6.848
decoy,-7.145,6.76
decoy,-7.192,6.385
decoy,-8.59,8.585
decoy,-7.144,7.09
decoy,-7.495,8.415
decoy,-7.979,5.845
decoy,-7.954,7.283
decoy,-8.663,8.789
decoy,-7.455,6.411
decoy,-7.142,5.423
decoy,-7.613,5.749
decoy,-7.962,7.046
decoy,-7.174,5.595
decoy,-8.069,6.723
decoy,-8.819,8.125
decoy,-7.829,5.999
decoy,-7.138,8.48
decoy,-8.532,6.191
decoy,-7.547,8.328
decoy,-7.547,10.27
decoy,-7.136,6.842
decoy,-7.131,6.147
decoy,-8.373,6.164
decoy,-7.265,7.288
decoy,-7.389,6.447
decoy,-7.662,6.008
decoy,-8.436,6.7
decoy,-7.128,5.846
decoy,-7.955,6.889
decoy,-7.122,8.538
decoy,-7.122,8.144
decoy,-8.184,6.222
decoy,-7.148,5.328
decoy,-7.118,7.351
decoy,-7.262,9.232
decoy,-7.115,5.344
decoy,-7.115,8.293
decoy,-7.13,7.585
decoy,-7.13,7.585
decoy,-7.464,6.361
decoy,-7.149,9.313
decoy,-8.599,6.049
decoy,-7.107,6.564
decoy,-7.104,8.633
decoy,-8.563,9.317
decoy,-7.107,6.472
decoy,-9.79,6.846
decoy,-7.098,6.18
decoy,-7.096,7.439
decoy,-7.111,6.05
decoy,-8.257,5.985
decoy,-7.093,7.527
decoy,-8.372,10.538
decoy,-7.087,6.769
decoy,-9.467,6.326
decoy,-8.51,7.766
decoy,-7.086,6.04
decoy,-7.206,6.911
decoy,-7.178,6.536
decoy,-7.082,7.124
decoy,-7.081,6.723
decoy,-7.078,9.511
decoy,-7.258,7.268
decoy,-8.367,6.544
decoy,-7.075,8.693
decoy,-7.174,8.051
decoy,-7.073,7.732
decoy,-8.156,6.761
decoy,-7.069,8.306
decoy,-7.615,5.674
decoy,-7.08,7.908
decoy,-7.442,6.144
decoy,-7.569,6.408
decoy,-7.064,7.743
decoy,-7.163,7.62
decoy,-7.314,5.927
decoy,-7.063,6.793
decoy,-7.562,8.856
decoy,-7.061,6.58
decoy,-7.577,6.513
decoy,-7.06,7.947
decoy,-7.882,6.111
decoy,-7.059,6.493
decoy,-8.482,7.64
decoy,-7.674,6.81
decoy,-7.067,7.614
decoy,-7.055,6.929
decoy,-7.055,9.495
decoy,-7.054,6.882
decoy,-7.054,5.686
decoy,-7.2,6.971
decoy,-7.45,7.081
decoy,-7.482,5.966
decoy,-7.05,5.857
decoy,-8.124,5.983
decoy,-7.221,5.912
decoy,-7.046,5.929
decoy,-7.092,6.595
decoy,-9.369,7.904
decoy,-8.419,7.061
decoy,-7.043,6.401
decoy,-7.043,6.128
decoy,-7.05,6.369
decoy,-7.041,10.3
decoy,-7.043,6.812
decoy,-7.04,6.61
decoy,-7.04,6.231
decoy,-7.04,5.291
decoy,-7.04,5.677
decoy,-7.761,8.63
decoy,-8.101,5.921
decoy,-7.07,6.737
decoy,-7.079,6.897
decoy,-7.037,8.827
decoy,-7.139,7.446
decoy,-7.623,5.437
decoy,-7.036,8.137
decoy,-7.18,8.395
decoy,-7.033,7.326
decoy,-7.696,7.29
decoy,-8.062,10.254
decoy,-8.983,9.492
decoy,-7.441,5.746
decoy,-7.441,5.746
decoy,-7.028,5.43
decoy,-7.513,7.175
decoy,-7.638,6.943
decoy,-7.437,7.034
decoy,-8.856,6.656
decoy,-7.657,8.498
decoy,-8.244,6.715
decoy,-8.31,6.774
decoy,-8.001,6.792
decoy,-8.002,6.193
decoy,-7.489,6.581
decoy,-7.014,7.762
decoy,-7.196,6.538
decoy,-7.024,5.71
decoy,-7.018,7.166
decoy,-7.01,4.761
decoy,-7.016,8.107
decoy,-7.007,7.17
decoy,-8.01,6.342
decoy,-7.005,9.704
decoy,-7.005,8.825
decoy,-7.661,7.969
decoy,-7.484,7.187
decoy,-9.675,7.893
decoy,-7.648,6.764
decoy,-7.037,5.444
decoy,-9.439,8.393
decoy,-7.503,6.286
decoy,-7.178,5.985
decoy,-7.87,6.616
decoy,-6.997,5.854
decoy,-8.255,6.35
decoy,-7.411,6.014
decoy,-6.994,5.982
decoy,-8.302,7.62
decoy,-7.327,6.187
decoy,-9.598,7.655
decoy,-8.137,5.911
decoy,-8.255,7.628
decoy,-9.056,6.416
decoy,-8.604,7.911
decoy,-8.616,6.395
decoy,-7.331,7.095
decoy,-7.635,6.732
decoy,-7.026,6.719
decoy,-6.98,8.701
decoy,-6.98,5.606
decoy,-6.98,7.208
decoy,-6.978,6.374
decoy,-8.179,5.872
decoy,-7.062,7.574
decoy,-9.652,6.5
decoy,-8.978,7.41
decoy,-8.307,6.832
decoy,-6.984,7.88
decoy,-6.969,7.535
decoy,-6.977,8.228
decoy,-7.007,7.153
decoy,-7.971,5.736
decoy,-8.033,6.438
decoy,-6.966,7.022
decoy,-6.966,6.664
decoy,-8.053,5.132
decoy,-6.986,8.007
decoy,-6.961,7.875
decoy,-6.959,6.28
decoy,-6.962,10.743
decoy,-8.093,6.8
decoy,-6.956,7.963
decoy,-9.197,6.379
decoy,-7.188,5.876
decoy,-6.954,6.953
decoy,-8.32,7.79
decoy,-6.968,9.75
decoy,-7.642,5.126
decoy,-7.004,8.267
decoy,-7.024,5.944
decoy,-7.353,9.19
decoy,-6.942,7.43
decoy,-6.942,6.947
decoy,-7.72,8.302
decoy,-6.934,7.54
decoy,-7.338,6.269
decoy,-7.681,8.203
decoy,-6.934,6.31
decoy,-7.085,7.971
decoy,-9.115,7.65
decoy,-6.929,8.078
decoy,-7.9,5.975
decoy,-9.027,7.25
decoy,-7.907,6.468
decoy,-6.926,8.756
decoy,-6.924,10.501
decoy,-7.411,5.845
decoy,-8.139,6.969
decoy,-7.09,8.382
decoy,-6.922,7.608
decoy,-8.495,6.967
decoy,-6.922,6.006
decoy,-6.916,6.558
decoy,-6.916,7.015
decoy,-6.913,8.987
decoy,-7.027,8.83
decoy,-8.216,7.36
decoy,-8.757,5.821
decoy,-6.918,7.681
decoy,-6.911,5.552
decoy,-6.91,6.757
decoy,-8.295,6.567
decoy,-6.944,7.237
decoy,-6.91,8.422
decoy,-7.643,8.695
decoy,-6.906,6.99
decoy,-7.423,9.13
decoy,-8.033,6.833
decoy,-6.914,5.796
decoy,-6.902,7.763
decoy,-6.902,7.247
decoy,-7.011,8.349
decoy,-7.333,8.53
decoy,-6.899,6.553
decoy,-9.165,5.313
decoy,-8.844,8.135
decoy,-7.524,6.047
decoy,-6.894,9.943
decoy,-6.893,5.904
decoy,-7.82,7.928
decoy,-7.311,7.948
decoy,-8.249,6.042
decoy,-7.874,5.76
decoy,-7.605,8.732
decoy,-6.896,4.962
decoy,-7.112,9.015
decoy,-7.112,9.015
decoy,-7.295,7.926
decoy,-6.884,7.505
decoy,-6.89,7.652
decoy,-6.885,7.012
decoy,-6.965,7.698
decoy,-6.878,7.603
decoy,-6.877,5.448
decoy,-8.535,7.654
decoy,-8.249,6.247
decoy,-7.974,7.278
decoy,-6.887,7.853
decoy,-9.567,8.885
decoy,-8.001,7.195
decoy,-6.94,7.845
decoy,-7.906,6.519
decoy,-7.926,8.756
decoy,-6.873,8.572
decoy,-6.868,5.88
decoy,-7.277,9.202
decoy,-8.362,6.865
decoy,-6.989,7.553
decoy,-6.879,8.777
decoy,-9.246,6.064
decoy,-6.996,5.556
decoy,-6.86,7.963
decoy,-6.974,7.19
decoy,-6.856,7.9
decoy,-7.267,9.056
decoy,-6.982,6.994
decoy,-6.853,6.067
decoy,-6.853,6.089
decoy,-6.853,6.044
decoy,-8.557,6.724
decoy,-7.861,6.881
decoy,-6.847,9.187
decoy,-7.141,10.802
decoy,-7.098,8.574
decoy,-7.256,6.801
decoy,-6.844,6.504
decoy,-8.138,7.049
decoy,-6.859,5.681
decoy,-6.838,7.105
decoy,-6.838,9.339
decoy,-6.837,8.404
decoy,-6.836,7.525
decoy,-7.758,7.533
decoy,-6.834,5.865
decoy,-6.851,6.671
decoy,-8.874,6.108
decoy,-7.765,7.324
decoy,-6.85,5.295
decoy,-7.822,6.38
decoy,-6.831,4.261
decoy,-7.239,7.739
decoy,-6.901,7.306
decoy,-6.827,8.439
decoy,-8.12,7.515
decoy,-8.756,7.638
decoy,-7.231,9.083
decoy,-6.992,8.254
decoy,-7.089,7.641
decoy,-8.623,6.816
decoy,-7.54,6.858
decoy,-6.812,7.534
decoy,-6.811,9.058
decoy,-6.808,6.707
decoy,-8.017,5.993
decoy,-7.781,9.087
decoy,-8.528,7.668
decoy,-6.833,7.103
decoy,-7.345,5.681
decoy,-9.028,8.652
decoy,-7.897,6.457
decoy,-8.228,7.008
decoy,-8.274,6.349
decoy,-8.024,6.311
decoy,-6.799,7.645
decoy,-8.529,6.007
decoy,-6.845,8.387
decoy,-7.21,5.263
decoy,-7.21,5.263
decoy,-9.522,7.381
decoy,-8.527,7.681
decoy,-7.297,7.817
decoy,-7.095,7.155
decoy,-7.071,8.506
decoy,-8.439,6.213
decoy,-6.789,7.78
decoy,-9.47,8.806
decoy,-6.785,6.387
decoy,-8.304,7.024
decoy,-6.987,7.74
decoy,-7.077,6.617
decoy,-7.927,6.02
decoy,-7.077,6.426
decoy,-6.804,7.492
decoy,-6.774,6.611
decoy,-6.771,6.097
decoy,-6.771,6.607
decoy,-6.77,7.671
decoy,-6.959,6.601
decoy,-8.954,7.638
decoy,-6.768,6.801
decoy,-6.994,7.252
decoy,-6.78,7.755
decoy,-8.459,7.108
decoy,-7.914,7.446
decoy,-6.789,6.291
decoy,-6.783,10.796
decoy,-7.916,6.824
decoy,-8.54,7.216
decoy,-7.151,7.049
decoy,-8.804,6.817
decoy,-7.01,7.005
decoy,-7.59,6.305
decoy,-7.73,7.393
decoy,-9.078,7.299
decoy,-7.297,5.596
decoy,-6.747,6.854
decoy,-7.138,6.734
decoy,-6.749,5.83
decoy,-7.148,5.316
decoy,-7.073,6.259
decoy,-6.752,7.052
decoy,-6.738,6.193
decoy,-6.753,8.391
decoy,-7.847,7.039
decoy,-9.35,10.148
decoy,-9.301,8.402
decoy,-6.744,7.587
decoy,-7.581,6.018
decoy,-7.231,7.805
decoy,-7.231,7.805
decoy,-6.786,7.41
decoy,-6.801,7.319
decoy,-6.728,5.486
decoy,-6.731,9.233
decoy,-7.356,6.928
decoy,-6.727,6.388
decoy,-6.727,10.722
decoy,-8.567,8.554
decoy,-6.726,7.02
decoy,-8.121,5.905
decoy,-6.742,8.697
decoy,-6.723,7.094
decoy,-7.665,6.813
decoy,-8.376,4.963
decoy,-7.222,6.368
decoy,-6.741,5.99
decoy,-9.448,6.493
decoy,-7.87,6.732
decoy,-6.717,6.779
decoy,-9.406,6.432
decoy,-6.71,4.352
decoy,-6.714,10.943
decoy,-8.588,6.504
decoy,-6.706,10.645
decoy,-8.252,7.936
decoy,-6.716,5.96
decoy,-6.728,7.276
decoy,-6.711,7.026
decoy,-7.739,6.445
decoy,-8.671,8.586
decoy,-6.701,7.637
decoy,-7.674,8.767
decoy,-6.77,7.847
decoy,-9.068,7.062
decoy,-6.694,7.813
decoy,-6.691,7.006
decoy,-9.111,7.36
decoy,-6.69,10.852
decoy,-6.689,8.94
decoy,-7.935,6.653
decoy,-8.722,5.958
decoy,-9.112,8.196
minocycline,-6.717,8.706
decoy,-6.818,6.351
decoy,-6.682,9.311
decoy,-7.128,6.53
decoy,-7.681,6.931
decoy,-8.533,7.266
decoy,-6.681,9.466
decoy,-8.273,8.15
decoy,-8.775,6.927
decoy,-7.724,6.324
decoy,-6.674,6.366
decoy,-8.566,6.144
decoy,-6.673,9.035
decoy,-6.901,5.66
decoy,-6.668,7.007
decoy,-6.667,7.749
decoy,-6.666,6.813
decoy,-8.403,6.176
decoy,-7.253,9.498
decoy,-7.795,5.499
decoy,-6.848,7.09
decoy,-6.697,7.019
CHEMBL4790246,-6.656,6.862
decoy,-6.656,6.824
decoy,-7.876,7.897
decoy,-9.181,7.511
decoy,-6.653,8.984
decoy,-9.098,8.045
decoy,-7.785,5.427
decoy,-8.77,7.482
decoy,-6.658,7.454
decoy,-8.89,7.675
decoy,-9.099,7.24
decoy,-7.085,5.507
decoy,-6.87,8.034
decoy,-6.682,6.45
decoy,-9.157,7.3
decoy,-7.893,6.507
decoy,-6.647,6.951
decoy,-6.647,6.951
decoy,-6.646,7.541
decoy,-6.645,7.436
decoy,-7.144,6.386
decoy,-8.225,7.242
decoy,-7.843,9.342
decoy,-6.648,11.014
decoy,-6.643,8.571
decoy,-6.638,8.283
decoy,-7.048,9.228
decoy,-6.637,6.116
decoy,-8.456,5.336
decoy,-6.634,8.613
decoy,-7.381,7.365
decoy,-6.63,5.99
decoy,-6.629,8.134
decoy,-8.22,7.302
decoy,-6.628,9.307
decoy,-6.959,6.618
decoy,-7.973,6.199
decoy,-6.623,6.57
decoy,-7.812,6.885
decoy,-8.234,6.888
decoy,-6.719,6.434
decoy,-8.393,7.865
decoy,-6.614,7.518
decoy,-6.612,5.655
decoy,-6.889,5.756
decoy,-6.61,8.409
decoy,-6.61,5.551
decoy,-7.648,8.145
decoy,-6.671,5.494
decoy,-6.607,5.958
decoy,-6.602,3.945
decoy,-7.636,6.403
decoy,-8.023,6.692
decoy,-6.77,5.523
decoy,-6.597,6.731
decoy,-8.347,6.25
decoy,-7.734,4.772
decoy,-7.611,6.015
decoy,-8.792,6.708
decoy,-6.587,8.072
decoy,-6.599,7.608
decoy,-9.126,7.372
decoy,-6.585,6.189
decoy,-8.366,7.744
decoy,-6.583,7.118
decoy,-9.035,9.146
decoy,-7.106,8.381
decoy,-6.578,7.963
decoy,-6.576,5.383
decoy,-6.985,9.93
decoy,-6.581,6.103
decoy,-8.937,8.244
decoy,-7.861,10.397
decoy,-8.464,5.193
decoy,-6.582,8.264
decoy,-7.379,6.404
decoy,-7.751,5.895
decoy,-9.258,6.44
decoy,-6.976,8.935
decoy,-7.999,6.231
decoy,-6.565,9.125
decoy,-6.564,6.11
decoy,-6.751,7.286
decoy,-7.215,6.963
decoy,-6.563,9.927
decoy,-6.599,8.229
decoy,-8.121,6.399
decoy,-6.558,6.566
decoy,-8.697,7.199
decoy,-7.493,5.946
decoy,-7.689,6.932
decoy,-6.55,10.31
decoy,-6.596,6.786
decoy,-6.549,8.058
decoy,-6.546,5.359
decoy,-7.873,6.665
decoy,-9.158,7.145
decoy,-7.443,6.56
decoy,-6.546,8.671
decoy,-8.72,8.741
decoy,-6.539,10.005
decoy,-6.541,8.279
decoy,-8.942,7.532
decoy,-8.238,7.027
decoy,-6.737,9.306
decoy,-7.132,7.609
decoy,-7.822,6.292
decoy,-6.541,7.833
decoy,-8.207,6.726
decoy,-7.981,7.918
decoy,-6.549,8.11
decoy,-6.73,9.503
decoy,-6.521,7.324
decoy,-6.52,9.352
decoy,-6.939,9.584
decoy,-6.994,5.719
decoy,-6.518,7.33
decoy,-6.518,6.982
decoy,-6.518,6.983
decoy,-6.522,11.293
decoy,-7.185,5.865
decoy,-6.52,5.392
decoy,-7.401,6.526
decoy,-6.518,5.335
decoy,-6.655,4.322
decoy,-6.51,5.878
decoy,-6.81,7.158
decoy,-6.508,11.26
decoy,-6.676,6.857
decoy,-6.508,7.868
decoy,-7.254,6.822
decoy,-7.755,6.95
decoy,-6.536,6.646
decoy,-7.356,6.848
decoy,-7.01,6.594
decoy,-8.346,6.898
decoy,-9.112,7.851
decoy,-6.499,9.431
decoy,-7.563,10.282
decoy,-7.524,6.334
decoy,-6.493,6.947
decoy,-7.312,6.136
decoy,-6.604,7.049
decoy,-7.534,6.353
decoy,-8.867,6.211
decoy,-6.49,10.36
decoy,-6.488,6.233
decoy,-7.457,6.542
decoy,-7.702,6.542
decoy,-6.481,6.569
decoy,-7.862,6.558
decoy,-9.059,7.106
decoy,-6.478,6.512
decoy,-7.306,6.72
decoy,-7.899,6.311
decoy,-6.473,7.951
decoy,-8.109,6.566
decoy,-6.507,5.878
decoy,-6.467,8.738
decoy,-7.361,4.795
decoy,-7.312,6.936
decoy,-6.551,5.397
decoy,-7.663,6.999
decoy,-8.067,8.336
decoy,-6.462,8.266
decoy,-8.175,6.803
decoy,-6.869,9.367
decoy,-8.041,8.213
decoy,-7.187,8.86
decoy,-6.455,10.543
decoy,-7.614,8.775
decoy,-7.975,5.11
decoy,-6.659,6.397
decoy,-6.45,5.051
decoy,-6.806,6.626
decoy,-6.858,9.121
decoy,-6.459,7.734
decoy,-9.147,8.523
decoy,-7.342,6.668
decoy,-6.683,8.863
decoy,-6.441,7.825
decoy,-9.049,7.579
decoy,-7.563,8.572
decoy,-8.518,7.041
decoy,-8.31,5.557
decoy,-7.251,9.001
decoy,-7.417,9.003
decoy,-6.428,7.316
decoy,-7.615,8.568
decoy,-6.427,7.064
decoy,-6.427,9.329
decoy,-7.591,5.905
decoy,-6.424,8.015
decoy,-8.802,7.362
decoy,-6.604,7.824
decoy,-6.454,8.792
decoy,-7.737,6.952
decoy,-7.823,6.425
decoy,-7.396,6.194
decoy,-7.778,6.603
decoy,-7.988,7.196
decoy,-6.822,6.895
decoy,-6.413,6.511
decoy,-6.59,8.5
decoy,-6.411,5.503
decoy,-6.414,7.599
decoy,-8.815,8.898
decoy,-7.024,7.468
decoy,-6.408,5.905
decoy,-7.077,6.433
decoy,-8.033,7.269
decoy,-7.545,5.269
decoy,-6.4,6.535
decoy,-7.473,6.636
decoy,-7.757,6.089
decoy,-6.507,8.155
decoy,-6.426,8.478
decoy,-7.776,7.261
decoy,-8.15,7.514
decoy,-8.1,8.787
decoy,-7.349,5.927
decoy,-6.4,5.896
decoy,-8.607,8.512
decoy,-8.13,7.099
decoy,-7.365,6.486
decoy,-6.459,8.476
decoy,-8.806,6.976
decoy,-8.12,6.817
decoy,-7.265,6.874
decoy,-7.159,7.211
decoy,-8.096,6.828
decoy,-7.915,5.988
decoy,-8.204,8.84
decoy,-7.353,6.24
decoy,-6.408,6.959
decoy,-6.832,6.725
decoy,-6.368,5.863
decoy,-6.365,7.223
decoy,-8.455,5.971
decoy,-7.921,9.218
decoy,-6.363,8.685
decoy,-6.361,9.442
decoy,-6.448,8.594
decoy,-6.894,8.112
decoy,-8.524,6.05
decoy,-6.559,7.291
decoy,-6.359,8.914
decoy,-8.045,6.25
decoy,-7.016,7.717
decoy,-6.352,5.633
decoy,-7.752,8.768
decoy,-6.35,7.226
decoy,-7.697,6.923
decoy,-6.347,8.776
decoy,-6.529,6.137
decoy,-7.421,6.154
decoy,-7.845,6.646
decoy,-9.002,6.956
decoy,-7.235,7.481
decoy,-7.588,6.72
decoy,-8.572,6.65
decoy,-6.333,5.975
decoy,-8.259,8.766
decoy,-6.886,9.821
decoy,-7.185,6.747
decoy,-8.152,5.975
decoy,-6.61,12.575
decoy,-7.141,6.068
decoy,-7.081,6.463
decoy,-6.807,5.662
decoy,-8.731,6.465
decoy,-6.921,5.634
decoy,-6.34,7.221
decoy,-6.34,7.221
decoy,-7.998,5.402
decoy,-7.379,5.303
decoy,-7.896,8.488
decoy,-7.477,6.467
decoy,-6.328,6.037
decoy,-7.227,6.892
decoy,-7.116,7.301
decoy,-6.318,9.337
decoy,-8.39,7.963
decoy,-7.515,6.653
decoy,-6.726,10.138
decoy,-8.165,7.825
decoy,-6.652,7.772
decoy,-6.644,7.314
decoy,-6.312,9.124
decoy,-8.398,8.18
decoy,-6.326,9.081
decoy,-6.309,5.197
decoy,-6.898,6.333
decoy,-7.493,6.679
decoy,-6.385,7.385
decoy,-6.711,8.892
decoy,-6.367,7.855
decoy,-8.132,6.741
decoy,-7.509,5.66
decoy,-6.286,7.351
decoy,-9.007,8.588
decoy,-8.866,9.772
decoy,-7.129,7.025
decoy,-6.563,9.016
decoy,-6.285,7.228
decoy,-7.985,6.59
decoy,-6.337,7.933
decoy,-6.279,8.898
decoy,-7.672,5.97
decoy,-7.832,6.482
decoy,-7.663,6.042
decoy,-7.184,6.655
decoy,-7.047,7.482
decoy,-6.676,8.968
decoy,-8.297,8.773
decoy,-6.264,8.605
decoy,-6.263,10.968
decoy,-8.351,6.431
decoy,-6.259,8.875
decoy,-6.996,7.182
decoy,-6.349,8.856
decoy,-6.268,7.568
decoy,-6.255,6.349
decoy,-8.622,6.902
decoy,-7.58,7.217
decoy,-8.14,6.695
decoy,-6.239,8.99
decoy,-7.737,6.187
decoy,-6.409,6.774
decoy,-6.245,7.759
decoy,-7.915,7.48
decoy,-6.233,10.316
decoy,-7.909,6.921
decoy,-7.467,9.731
decoy,-8.489,6.618
decoy,-6.228,7.447
decoy,-6.71,6.205
decoy,-7.509,5.542
decoy,-7.414,7.562
decoy,-6.644,8.023
decoy,-8.021,6.96
decoy,-7.13,6.749
decoy,-6.223,4.451
decoy,-8.446,5.919
decoy,-7.42,7.073
decoy,-7.835,6.299
decoy,-6.225,5.125
decoy,-6.215,9.199
decoy,-6.221,6.588
decoy,-7.119,6.705
decoy,-6.79,7.991
decoy,-6.739,6.99
decoy,-7.399,8.667
decoy,-6.467,6.962
decoy,-6.242,8.687
decoy,-6.242,8.687
decoy,-8.478,6.025
decoy,-6.208,9.176
decoy,-6.615,6.339
decoy,-6.296,7.826
decoy,-7.338,8.32
decoy,-7.349,8.633
decoy,-6.612,6.516
decoy,-6.949,7.969
decoy,-7.549,5.474
decoy,-6.599,9.553
decoy,-6.94,9.55
decoy,-6.185,8.098
decoy,-6.247,5.684
decoy,-7.138,6.42
decoy,-6.202,5.855
decoy,-6.177,8.265
decoy,-6.294,9.205
decoy,-6.294,9.205
decoy,-6.175,7.407
decoy,-7.25,6.666
decoy,-6.819,5.329
decoy,-8.086,7.218
decoy,-6.257,8.814
decoy,-7.559,7.316
decoy,-6.176,7.455
decoy,-6.162,6.548
decoy,-6.188,6.771
decoy,-7.406,6.07
decoy,-7.504,6.471
decoy,-7.616,6.293
decoy,-6.563,8.725
decoy,-6.835,9.996
decoy,-8.159,6.963
decoy,-6.616,6.858
decoy,-7.544,5.83
decoy,-7.682,7.813
decoy,-8.55,6.473
decoy,-7.295,6.952
decoy,-8.374,6.66
decoy,-7.244,7.527
decoy,-6.26,8.076
decoy,-6.151,6.66
decoy,-8.054,6.313
decoy,-6.139,10.011
decoy,-6.598,6.893
decoy,-6.131,6.661
decoy,-6.124,6.837
decoy,-7.723,5.829
decoy,-6.118,8.337
decoy,-8.326,6.817
decoy,-8.802,9.032
decoy,-6.199,6.075
decoy,-7.632,6.791
decoy,-6.107,7.563
decoy,-8.493,6.999
decoy,-7.274,7.114
decoy,-7.238,6.753
decoy,-6.1,5.844
decoy,-7.113,8.334
decoy,-6.149,7.291
decoy,-8.112,7.918
decoy,-6.979,6.55
decoy,-7.922,6.675
decoy,-7.761,6.891
decoy,-7.235,6.884
decoy,-6.49,10.168
decoy,-6.076,7.521
decoy,-6.317,9.251
decoy,-6.328,6.612
decoy,-7.979,6.645
decoy,-6.481,8.652
decoy,-8.229,7.072
decoy,-7.748,7.338
decoy,-7.746,5.75
decoy,-6.066,8.033
decoy,-6.065,8.646
decoy,-8.333,5.888
decoy,-6.065,8.255
decoy,-6.415,9.152
decoy,-6.945,6.749
decoy,-6.06,6.501
decoy,-6.485,5.227
decoy,-7.562,8.748
decoy,-6.475,10.257
decoy,-6.742,6.108
decoy,-6.463,7.326
decoy,-7.889,8.874
decoy,-6.405,6.476
decoy,-6.048,6.18
decoy,-7.174,7.52
decoy,-8.066,6.406
decoy,-7.181,6.38
decoy,-6.041,8.618
decoy,-7.196,6.535
decoy,-6.037,8.459
decoy,-6.075,9.328
decoy,-8.013,6.929
decoy,-6.465,10.276
decoy,-7.582,6.196
decoy,-7.443,6.752
decoy,-6.476,7.701
decoy,-8.039,6.07
decoy,-6.031,6.667
decoy,-7.068,7.374
decoy,-7.126,7.015
decoy,-8.308,7.008
decoy,-7.65,6.136
decoy,-6.018,9.348
decoy,-6.013,10.617
decoy,-6.074,9.469
decoy,-7.491,6.942
decoy,-7.307,8.983
decoy,-7.307,8.983
decoy,-6.045,8.196
decoy,-7.198,6.29
decoy,-7.425,7.79
decoy,-6.88,6.176
decoy,-5.998,5.341
decoy,-5.997,6.491
decoy,-7.854,6.838
decoy,-8.095,5.763
decoy,-6.477,7.704
decoy,-7.119,8.426
decoy,-7.589,7.276
decoy,-6.733,8.121
decoy,-7.68,7.146
decoy,-7.246,7.209
decoy,-6.278,6.854
decoy,-7.318,6.436
decoy,-8.161,6.621
decoy,-8.19,6.678
decoy,-7.707,7.99
decoy,-5.971,5.585
decoy,-8.45,7.918
decoy,-6.008,9.656
decoy,-5.966,7.734
decoy,-8.208,7.473
decoy,-6.413,7.829
decoy,-5.964,6.571
decoy,-7.975,6.037
decoy,-6.555,6.422
decoy,-8.218,7.356
decoy,-6.118,6.323
decoy,-5.958,9.288
decoy,-7.733,6.746
decoy,-7.786,5.66
decoy,-5.944,6.713
decoy,-8.351,9.004
decoy,-7.385,6.855
decoy,-7.947,6.894
decoy,-5.942,7.042
decoy,-5.973,7.866
decoy,-6.641,7.219
decoy,-6.35,6.341
decoy,-7.758,5.927
decoy,-6.017,8.288
decoy,-8.036,6.322
decoy,-5.935,7.373
decoy,-7.381,6.636
decoy,-7.894,4.25
decoy,-6.91,6.692
decoy,-7.522,6.05
decoy,-7.943,5.417
decoy,-7.338,6.646
decoy,-8.479,6.224
decoy,-5.939,6.849
decoy,-6.491,8.202
decoy,-7.521,7.653
decoy,-6.522,7.109
decoy,-8.357,6.666
decoy,-8.487,8.988
decoy,-7.361,5.684
decoy,-6.102,7.13
decoy,-6.977,8.094
decoy,-6.513,6.902
decoy,-7.572,7.878
decoy,-6.648,4.973
decoy,-5.919,7.518
decoy,-6.406,7.223
decoy,-6.931,6.669
decoy,-8.11,6.15
decoy,-7.163,6.577
decoy,-8.429,6.441
decoy,-7.763,6.866
decoy,-5.884,8.032
decoy,-7.821,7.249
decoy,-6.924,8.944
decoy,-7.075,6.494
decoy,-5.88,6.666
decoy,-7.596,5.81
decoy,-7.744,6.115
decoy,-7.744,6.115
decoy,-5.878,6.274
decoy,-6.288,9.223
decoy,-7.362,7.274
decoy,-7.173,6.101
decoy,-8.449,8.407
decoy,-5.964,6.088
decoy,-7.057,7.624
decoy,-6.966,6.06
decoy,-7.75,8.472
decoy,-5.869,7.436
decoy,-6.628,6.054
decoy,-6.751,8.469
decoy,-5.951,8.754
decoy,-5.873,5.45
decoy,-5.856,8.253
decoy,-5.854,9.286
decoy,-8.353,5.875
decoy,-5.859,8.829
decoy,-6.913,6.111
decoy,-8.42,6.637
decoy,-8.21,6.955
decoy,-7.139,6.726
decoy,-8.168,7.421
decoy,-8.07,8.102
decoy,-5.837,8.53
decoy,-8.382,5.524
decoy,-7.556,7.72
decoy,-5.839,8.025
decoy,-6.407,8.077
decoy,-6.244,11.499
decoy,-5.839,7.398
decoy,-7.33,7.27
decoy,-5.83,6.955
decoy,-8.236,6.849
decoy,-7.573,6.292
decoy,-6.457,8.424
decoy,-6.581,6.614
decoy,-7.917,9.227
decoy,-7.794,7.265
decoy,-6.594,7.367
decoy,-5.836,8.294
decoy,-5.828,6.772
decoy,-5.969,7.963
decoy,-5.893,6.076
decoy,-7.628,5.661
decoy,-6.594,6.063
decoy,-6.351,5.684
decoy,-5.822,7.919
decoy,-6.818,9
decoy,-6.818,9
decoy,-5.927,8.704
decoy,-6.339,6.83
decoy,-7.935,9.748
decoy,-7.709,6.78
decoy,-7.583,7.041
decoy,-7.077,7.179
decoy,-6.845,5.915
decoy,-7.553,6.341
decoy,-6.205,10.04
decoy,-6.205,10.268
decoy,-6.872,6.89
decoy,-6.354,6.702
decoy,-7.212,6.622
decoy,-7.308,7.117
decoy,-7.789,6.864
decoy,-7.637,8.57
decoy,-5.869,6.908
decoy,-8.273,5.258
decoy,-7.746,6.768
decoy,-8.228,5.986
decoy,-8.06,5.826
decoy,-8.06,5.826
decoy,-6.346,6.697
decoy,-5.761,7.072
decoy,-6.606,7.425
decoy,-8.258,6.441
decoy,-7.405,6.019
decoy,-5.756,9.021
decoy,-5.755,5.748
decoy,-6.728,6.865
decoy,-7.528,7.118
decoy,-6.861,6.005
decoy,-8.02,7.217
decoy,-8.237,10.067
decoy,-7.274,5.916
decoy,-7.861,7.116
decoy,-7.682,7.085
decoy,-7.271,7.979
decoy,-5.894,8.361
decoy,-7.358,6.537
decoy,-5.772,9.143
decoy,-6.144,10.083
decoy,-7.735,7.474
decoy,-8.112,5.58
decoy,-7.202,7.614
decoy,-6.129,9.543
decoy,-6.477,6.595
decoy,-6.864,9.759
decoy,-6.295,10.098
decoy,-5.73,9.45
decoy,-8.003,8.045
decoy,-7.864,6.791
decoy,-6.24,10.119
decoy,-5.989,7.565
decoy,-7.693,10.139
decoy,-7.49,6.378
decoy,-8.369,5.665
decoy,-8.295,6.346
decoy,-6.549,6.046
decoy,-7.74,7.165
decoy,-5.702,9.843
decoy,-6.229,9.885
decoy,-5.699,6.198
decoy,-6.108,6.251
decoy,-6.831,5.954
decoy,-5.92,8.201
decoy,-7.763,6.11
CHEMBL4743702,-7.598,7.072
decoy,-7.598,5.51
decoy,-6.473,7.108
decoy,-5.682,8.389
decoy,-8.025,6.9
decoy,-5.915,8.182
decoy,-7.205,6.164
decoy,-5.973,6.951
decoy,-5.671,5.313
decoy,-6.243,10.664
decoy,-6.451,6.663
decoy,-7.772,6.178
decoy,-8.054,6.032
decoy,-6.897,8.486
decoy,-8.345,7.13
decoy,-7.511,5.481
decoy,-8.35,7.606
decoy,-5.658,10.944
decoy,-7.576,6.151
decoy,-7.84,9.392
decoy,-5.891,8.357
decoy,-7.796,6.539
decoy,-7.043,5.618
decoy,-7.051,6.761
decoy,-6.195,6.415
decoy,-7.491,6.866
decoy,-6.961,5.956
decoy,-7.888,8.746
decoy,-8.338,6.208
decoy,-7.814,8.122
decoy,-6.865,7.661
decoy,-5.619,6.099
decoy,-5.618,8.555
decoy,-5.636,7.981
decoy,-6.375,5.475
decoy,-8.065,7.225
decoy,-6.431,8.735
decoy,-7.164,7.3
decoy,-6.774,9.663
decoy,-5.607,10.21
decoy,-5.878,9.219
decoy,-7.932,5.787
decoy,-7.261,7.086
decoy,-6.946,6.182
decoy,-7.332,7.772
decoy,-5.839,6.906
decoy,-6.645,8.753
decoy,-5.683,7.134
decoy,-5.895,7.547
decoy,-6.577,6.84
decoy,-6.259,5.927
decoy,-7.151,6.736
decoy,-5.59,9.656
decoy,-7.008,6.925
decoy,-5.694,8.075
decoy,-7.723,7.093
decoy,-7.3,6.747
decoy,-5.583,10.922
decoy,-5.588,10.929
decoy,-5.58,6.555
decoy,-7.93,6.504
decoy,-5.907,7.466
decoy,-5.583,7.26
decoy,-5.58,8.651
decoy,-5.563,7.314
decoy,-6,7.482
decoy,-5.568,6.789
decoy,-7.367,8.05
decoy,-5.559,7.574
decoy,-7.997,6.762
decoy,-5.982,7.825
decoy,-7.31,6.202
decoy,-5.544,12.039
decoy,-6.139,6.059
decoy,-5.951,10.147
decoy,-5.975,8.643
decoy,-7.85,6.765
decoy,-6.753,6.629
decoy,-7.115,7.451
decoy,-7.743,6.319
decoy,-7.488,6.302
decoy,-7.753,6.385
decoy,-7.802,5.707
decoy,-6.271,6.855
decoy,-7.302,4.727
decoy,-5.514,9.529
decoy,-7.868,8.238
decoy,-7.301,7.053
decoy,-8.112,6.817
decoy,-6.749,6.745
decoy,-6.004,9.603
decoy,-7.679,6.025
decoy,-7.653,6.294
decoy,-5.512,7.404
decoy,-5.503,5.712
decoy,-6.918,6.152
decoy,-8.097,5.477
decoy,-8.14,6.451
decoy,-7.656,7.395
decoy,-6.961,6.4
decoy,-7.572,6.194
decoy,-5.512,6.49
decoy,-5.476,6.332
decoy,-5.476,6.332
decoy,-6.699,7.184
decoy,-5.479,9.235
decoy,-6.915,6.03
decoy,-7.922,5.489
decoy,-5.848,10.649
decoy,-7.473,6.215
decoy,-7.473,6.215
decoy,-7.224,6.95
decoy,-6.858,7.017
decoy,-6.319,7.038
decoy,-5.876,7.651
decoy,-5.435,8.405
decoy,-7.719,6.565
decoy,-5.431,7.721
decoy,-6.557,6.528
decoy,-8.02,7.15
decoy,-5.431,10.887
decoy,-6.366,5.515
decoy,-5.423,10.423
decoy,-7.737,5.836
decoy,-7.316,5.485
decoy,-6.672,5.75
decoy,-7.387,7.145
decoy,-6.096,6.592
decoy,-7.953,6.644
decoy,-5.514,7.997
decoy,-7.493,6.352
decoy,-6.485,9.122
decoy,-6.214,9.597
decoy,-6.603,6.327
decoy,-6.44,5.682
decoy,-7.336,7.29
decoy,-7.165,8.141
decoy,-5.365,7.106
decoy,-7.595,6.317
decoy,-8.024,5.674
decoy,-6.526,5.546
decoy,-7.927,7.114
decoy,-6.449,5.784
CHEMBL4743702,-7.66,7.076
decoy,-7.66,5.404
decoy,-7.077,7.473
decoy,-6.95,6.734
decoy,-6.554,5.352
decoy,-7.826,5.978
decoy,-7.94,6.762
decoy,-7.566,6.992
decoy,-7.566,6.992
decoy,-6.51,6.438
decoy,-7.741,7.315
decoy,-7.037,7.3
decoy,-5.373,7.612
decoy,-5.499,7.406
decoy,-7.611,9.05
decoy,-6.141,7.418
decoy,-6.906,8.764
decoy,-6.438,6.004
decoy,-6.981,6.972
decoy,-7.254,6.26
decoy,-7.975,6.222
decoy,-7.111,6.422
decoy,-7.635,6.234
decoy,-5.734,9.987
decoy,-7.202,6.525
decoy,-7.044,9.953
decoy,-6.922,8.525
decoy,-6.107,6.828
decoy,-7.873,7.269
decoy,-6.521,6.377
decoy,-7.385,7.58
decoy,-6.085,7.661
decoy,-7.586,7.242
decoy,-7.983,7.187
decoy,-6.544,6.419
decoy,-5.459,7.891
decoy,-7.449,7.592
decoy,-7.449,7.592
decoy,-7.154,6.156
decoy,-7.84,6.53
decoy,-6.721,8.135
decoy,-6.508,10.713
decoy,-7.34,5.809
decoy,-6.656,8.708
decoy,-7.398,7.728
decoy,-7.999,7.031
decoy,-5.95,8.694
decoy,-7.741,6.599
decoy,-7.3,7.764
decoy,-7.943,7.433
decoy,-6.912,7.238
decoy,-5.266,9.926
decoy,-7.179,6.833
decoy,-7.48,6.579
decoy,-6.425,8.615
decoy,-7.516,6.496
decoy,-6.289,8.905
decoy,-6.289,8.905
decoy,-7.672,7.27
decoy,-6.89,5.268
decoy,-7.098,7.382
decoy,-5.252,11.044
decoy,-5.247,7.843
decoy,-6.71,7.359
decoy,-7.842,6.338
decoy,-6.817,7.115
decoy,-5.281,9.183
decoy,-7.025,7.879
decoy,-7.197,6.48
decoy,-5.436,6.513
decoy,-5.472,7.577
decoy,-5.222,6.95
decoy,-5.231,4.191
decoy,-6.308,8.842
decoy,-5.532,6.99
decoy,-7.582,7.076
decoy,-6.505,7.164
decoy,-7.874,6.53
decoy,-6.592,7.279
decoy,-7.404,6.215
decoy,-7.879,7.807
decoy,-5.8,10.929
decoy,-6.874,6.704
decoy,-6.495,7.123
decoy,-7.356,6.098
decoy,-7.356,6.098
decoy,-6.848,8.698
decoy,-6.441,6.414
decoy,-7.399,6.452
decoy,-5.985,8.173
decoy,-7.002,8.674
decoy,-7.881,7.808
decoy,-6.996,7.13
decoy,-6.906,6.061
decoy,-7.064,7.07
decoy,-5.18,7.12
decoy,-7.144,6.308
decoy,-6.783,6.253
decoy,-6.267,8.5
decoy,-7.08,5.667
decoy,-7.776,6.9
decoy,-6.66,7.455
decoy,-5.16,7.11
decoy,-5.747,8.923
decoy,-5.158,6.755
decoy,-6.144,8.254
decoy,-7.262,7.198
decoy,-6.714,7.343
decoy,-6.309,7.252
decoy,-7.217,6.855
decoy,-7.649,7.376
decoy,-6.537,6.378
decoy,-5.38,8.619
decoy,-7.285,6.696
decoy,-6.902,5.963
decoy,-7.015,6.61
decoy,-5.408,7.528
decoy,-7.337,9.238
decoy,-5.113,8.532
decoy,-7.235,6.399
decoy,-5.111,9.709
decoy,-5.939,6.633
decoy,-7.249,7.063
decoy,-5.101,7.729
decoy,-7.261,6.215
decoy,-5.095,8.976
decoy,-7.063,6.318
decoy,-7.624,6.263
decoy,-7.098,7.511
decoy,-5.088,7.744
decoy,-5.104,8.15
decoy,-5.479,5.812
decoy,-7.404,7.733
decoy,-5.115,7.795
decoy,-6.224,9.089
decoy,-6.123,9.049
decoy,-7.461,5.668
decoy,-6.593,10.584
decoy,-7.058,8.585
decoy,-6.179,6.635
decoy,-5.064,9.573
decoy,-6.222,6.336
decoy,-5.86,7.805
decoy,-6.485,8.29
decoy,-5.633,7.237
decoy,-7.52,5.266
decoy,-5.435,7.973
decoy,-5.435,7.973
decoy,-7.44,6.548
decoy,-6.748,17.943
decoy,-6.528,6.747
decoy,-7.497,8.126
decoy,-7.741,5.82
decoy,-6.893,8.84
decoy,-7.005,6.918
decoy,-5.093,9.702
decoy,-7.473,7.543
decoy,-6.763,6.189
CHEMBL4741175,-7.498,7.74
decoy,-7.498,6.701
decoy,-6.201,18.324
decoy,-7.574,8.348
decoy,-7.688,6.727
decoy,-7.725,6.724
decoy,-6.562,8.896
decoy,-6.894,6.402
decoy,-5.881,7.879
decoy,-4.978,9.697
decoy,-7.542,8.146
decoy,-6.126,7.395
decoy,-7.656,9.295
decoy,-7.671,7.431
decoy,-7.609,6.827
decoy,-5.414,11.437
decoy,-4.964,10.169
decoy,-7.137,6.884
decoy,-5.779,7.179
decoy,-7.444,6.503
decoy,-7.359,7.766
decoy,-6.822,7.118
decoy,-6.161,6.962
decoy,-7.078,7.171
decoy,-5.911,8.839
decoy,-7.607,5.673
decoy,-7.08,6.558
decoy,-4.938,10.73
decoy,-6.799,6.554
decoy,-6.527,8.608
decoy,-4.934,10.788
decoy,-6.858,6.653
decoy,-4.931,8.323
decoy,-6.281,8.637
decoy,-6.246,9.049
decoy,-6.508,8.002
decoy,-5.769,8.475
decoy,-5.201,8.177
decoy,-6.11,6.989
decoy,-7.488,8.644
decoy,-6.406,7.489
decoy,-4.894,5.957
decoy,-7.551,8.863
decoy,-5.72,8.068
decoy,-6.391,6.438
decoy,-7.153,9.632
decoy,-7.189,5.75
decoy,-4.87,7.467
decoy,-7.106,8.999
decoy,-7.106,8.999
decoy,-5.424,8.788
decoy,-6.934,9.239
decoy,-7.405,6.652
decoy,-6.112,6.649
decoy,-4.862,8.668
decoy,-6.385,6.436
decoy,-5.907,10.235
decoy,-7.416,6.934
decoy,-4.845,6.565
decoy,-6.282,6.961
decoy,-4.84,8.746
decoy,-7.114,6.712
decoy,-7.554,6.427
decoy,-7.235,7.74
decoy,-6.478,7.229
decoy,-5.857,17.306
decoy,-5.881,7.974
decoy,-6.847,6.948
decoy,-7.353,6.075
decoy,-7.191,7.091
decoy,-7.176,7.728
decoy,-4.891,10.067
decoy,-5.269,8.639
decoy,-6.954,8.948
decoy,-7.144,7.014
decoy,-6.816,6.246
decoy,-6.883,7.508
decoy,-7.066,7.15
decoy,-7.331,8.265
decoy,-5.019,9.224
decoy,-6.845,6.96
decoy,-5.148,10.702
decoy,-6.933,6.161
decoy,-6.521,7.096
decoy,-6.962,6.692
decoy,-4.718,11.018
decoy,-5.483,7.232
decoy,-5.614,8.966
decoy,-6.366,7.202
decoy,-7.077,7.209
decoy,-7.397,7.403
decoy,-4.847,8.439
decoy,-7.391,7.279
decoy,-4.688,5.778
decoy,-6.792,6.782
decoy,-7.338,6.581
decoy,-7.408,6.147
decoy,-4.685,9.619
decoy,-6.144,7.837
decoy,-4.716,8.681
decoy,-4.789,10.241
decoy,-7.398,6.298
decoy,-4.851,9.502
decoy,-6.294,9.526
decoy,-5.815,7.07
decoy,-6.668,6.541
decoy,-7.225,6.991
decoy,-6.522,11.702
decoy,-7.339,8.382
decoy,-7.103,6.683
decoy,-6.586,6.18
decoy,-7.333,6.537
decoy,-5.575,6.832
decoy,-7.12,6.179
decoy,-6.796,7.969
decoy,-7.327,6.952
decoy,-7.172,4.974
minocycline,-6.693,8.833
decoy,-7.229,6.506
decoy,-6.674,5.884
decoy,-5.545,8.458
decoy,-6.916,6.628
decoy,-6.779,6.209
decoy,-7.233,6.842
decoy,-5.395,8.194
decoy,-6.713,6.809
decoy,-4.587,8.299
decoy,-4.562,10.836
decoy,-4.867,9.557
decoy,-6.43,6.997
decoy,-4.56,8.824
decoy,-4.61,8.932
decoy,-6.597,6.841
decoy,-5.757,8.886
decoy,-6.38,6.209
decoy,-6.882,6.824
decoy,-6.567,8.088
decoy,-6.99,5.76
decoy,-7.212,7.471
decoy,-5.843,6.661
decoy,-4.891,11.298
decoy,-5.714,8.892
decoy,-6.7,5.956
decoy,-4.503,10.628
decoy,-4.474,10.382
decoy,-6.45,7.949
decoy,-7.071,5.562
decoy,-5.905,9.617
decoy,-6.765,8.18
decoy,-6.432,5.557
decoy,-4.453,10.45
decoy,-4.691,8.686
decoy,-6.566,6.153
decoy,-4.989,6.265
decoy,-4.805,11.151
decoy,-6.326,5.933
decoy,-4.822,9.656
decoy,-4.407,12.331
decoy,-6.972,7.039
decoy,-7.004,6.432
decoy,-6.002,8.293
decoy,-5.865,8.546
decoy,-4.394,10.742
decoy,-6.945,6.153
decoy,-6.665,6.352
decoy,-6.834,7.363
decoy,-6.218,8.646
decoy,-6.514,7.069
decoy,-6.573,6.634
decoy,-4.644,12.4
decoy,-6.886,6.681
decoy,-4.358,9.66
decoy,-4.354,9.713
decoy,-5.254,7.8
decoy,-4.739,10.942
decoy,-4.572,11.37
decoy,-6.657,8.284
decoy,-4.323,10.75
decoy,-6.622,7.12
decoy,-5.912,9.607
decoy,-6.973,6.26
decoy,-5.824,8.831
decoy,-4.297,6.931
decoy,-6.282,10.23
decoy,-6.796,8.96
decoy,-6.28,5.662
decoy,-6.983,7.338
decoy,-4.684,10.451
decoy,-4.986,10.012
decoy,-4.498,9.44
decoy,-5.523,10.212
decoy,-5.34,9.284
decoy,-5.507,7.883
decoy,-6.797,7.92
decoy,-4.344,11.352
decoy,-5.857,6.347
decoy,-4.646,11.162
decoy,-6.187,9.445
decoy,-5.39,9.756
decoy,-6.435,6.926
decoy,-4.612,10.817
decoy,-6.428,7.193
decoy,-4.605,9.356
decoy,-4.194,10.802
decoy,-6.601,6.989
decoy,-6.802,7.617
decoy,-6.515,8.522
decoy,-4.23,10.39
decoy,-6.859,5.045
decoy,-4.704,10.849
decoy,-5.677,8.996
decoy,-4.146,10.666
decoy,-4.641,9.564
decoy,-5.917,6.545
decoy,-4.521,10.134
decoy,-6.686,5.782
decoy,-4.107,11.316
decoy,-5.209,10.536
decoy,-6.682,7.165
decoy,-4.382,12.298
decoy,-4.676,6.363
decoy,-6.338,7.509
decoy,-6.137,5.638
decoy,-6.248,7.015
decoy,-5.832,6.19
decoy,-6.344,7.374
decoy,-5.484,8.08
decoy,-6.325,7.517
decoy,-4.375,9.298
decoy,-6.321,6.703
decoy,-6.494,9.385
minocycline,-6.23,9.043
decoy,-4.186,8.958
decoy,-5.833,8.141
decoy,-4.036,10.403
decoy,-4.009,11.158
decoy,-6.284,7.418
decoy,-5.744,8.05
decoy,-4.541,10.526
decoy,-4.541,10.526
decoy,-5.26,9.242
decoy,-3.968,9.283
decoy,-3.968,9.581
decoy,-5.863,8.939
decoy,-3.943,11.228
decoy,-5.755,14.763
decoy,-6.383,7.183
decoy,-6.427,7.021
decoy,-4.931,15.842
decoy,-6.52,7.032
decoy,-6.222,8.756
decoy,-4.756,9.891
decoy,-5.479,7.189
decoy,-4.908,10.355
decoy,-6.574,8.471
decoy,-6.369,8.616
decoy,-6.369,8.616
decoy,-4.48,12.501
decoy,-6.412,5.54
decoy,-6.507,6.772
decoy,-4.988,11.283
decoy,-3.809,7.893
decoy,-6.199,10.381
decoy,-3.799,8.472
decoy,-6.19,7.817
decoy,-5.651,6.579
decoy,-6.048,5.77
decoy,-6.369,5.186
decoy,-6.114,8.135
decoy,-4.182,10.084
decoy,-6.375,8.363
decoy,-4.68,9.024
decoy,-6.036,8.271
decoy,-6.032,7.766
decoy,-4.655,8.267
decoy,-6.073,8.019
decoy,-4.282,8.915
decoy,-6.35,6.274
decoy,-5.914,7.498
decoy,-3.715,10.573
decoy,-6.387,5.706
decoy,-6.077,5.509
decoy,-5.896,8.275
decoy,-5.903,8.703
decoy,-3.668,10.9
decoy,-3.658,11.488
decoy,-5.821,8.478
decoy,-5.528,9.387
decoy,-6.297,8.664
decoy,-5.762,8.22
decoy,-3.627,7.173
decoy,-4.966,6.585
decoy,-6.05,5.942
decoy,-6.221,6.374
decoy,-6.238,6.402
decoy,-6.306,7.097
decoy,-6.232,7.921
decoy,-4.006,10.216
decoy,-5.965,8.912
decoy,-5.754,6.3
decoy,-6.267,5.319
decoy,-5.3,8.067
decoy,-5.3,8.067
decoy,-3.533,11.23
decoy,-5.047,8.608
decoy,-3.521,10.466
decoy,-6.133,5.674
decoy,-5.47,6.211
decoy,-5.254,8.755
decoy,-6.217,9.293
decoy,-4.731,8.979
decoy,-5.958,8.509
decoy,-6.149,6.98
decoy,-6.032,9.177
decoy,-5.725,5.832
decoy,-5.319,8.874
decoy,-5.065,6.002
decoy,-5.519,8.299
decoy,-5.824,5.879
decoy,-5.353,7.488
decoy,-5.388,7.073
decoy,-5.923,6.645
decoy,-5.107,7.386
decoy,-3.667,10.733
decoy,-3.231,9.815
decoy,-5.368,8.699
decoy,-5.755,5.808
decoy,-5.23,6.664
decoy,-4.878,6.926
decoy,-5.064,6.373
decoy,-5.878,11.348
decoy,-4.839,7.644
decoy,-5.434,7.493
decoy,-5.249,7.75
decoy,-5.7,9.194
decoy,-4.916,10.046
decoy,-5.773,8.907
decoy,-4.986,14.558
decoy,-5.641,7.118
decoy,-3.067,11.142
decoy,-5.453,10.149
decoy,-4.869,6.78
decoy,-5.685,6.464
decoy,-5.634,7.063
decoy,-4.666,9.971
decoy,-4.901,7.072
decoy,-5.053,8.85
decoy,-4.914,8.299
decoy,-4.65,9.487
decoy,-5.153,7.181
decoy,-4.935,9.793
decoy,-2.827,11.257
decoy,-5.49,6.901
decoy,-5.357,8.474
decoy,-4.559,6.446
decoy,-2.769,12.308
decoy,-4.931,9.798
decoy,-4.974,7.307
decoy,-5.249,6.829
decoy,-5.257,6.812
decoy,-3.072,12.507
decoy,-3.23,7.498
decoy,-3.206,6.924
decoy,-4.321,12.023
decoy,-4.625,8.17
decoy,-3.015,7.26
decoy,-4,10.071
decoy,-4.655,10.546
decoy,-2.598,7.273
decoy,-4.316,9.614
decoy,-4.17,9.924
decoy,-3.594,10.262
decoy,-2.421,7.219
decoy,-2.216,7.849
decoy,-2.655,11.932
